<?xml version='1.0' encoding='UTF-8'?>
<metadata xmlns:dcterms="http://purl.org/dc/terms/" xmlns:xs="http://www.w3.org/2001/XMLSchema/" xmlns:xsi="http://www.w3.org/2001/XMLSchema-instance/">

  <!-- general title for the representation -->
  <dcterms:title>Colour representation of the Felis Catus Flamens sitting on a cat tree</dcterms:title>

  <!-- linking id between dc and premis -->
  <dcterms:identifier>uuid-de83045d-3b0f-4161-9f96-40079af0d480</dcterms:identifier>

  <!-- date when representation was created -->
  <dcterms:created xsi:type="edtf">2022-01~</dcterms:created>

  <!-- multiple keywords about the representation -->
  <dcterms:subject>Cat</dcterms:subject>
  <dcterms:subject>Felis Catus Flamens</dcterms:subject>
  <dcterms:subject>Cat tree</dcterms:subject>

</metadata> 
 