<?xml version="1.0" encoding="UTF-8"?>
<premis:premis version="3.0" xmlns:xsi="http://www.w3.org/2001/XMLSchema-instance" xmlns:premis="http://www.loc.gov/premis/v3" xsi:schemaLocation="http://www.loc.gov/premis/v3 https://www.loc.gov/standards/premis/premis.xsd">

  <premis:object xsi:type="premis:representation">

    <premis:objectIdentifier>
      <premis:objectIdentifierType>UUID</premis:objectIdentifierType>
      <premis:objectIdentifierValue>uuid-7f16cfda-21ff-11ed-a277-7e92631d7d27</premis:objectIdentifierValue>
    </premis:objectIdentifier>

    <!-- relationship between representation and its files -->
    <premis:relationship>
      <premis:relationshipType authority="relationshipType" authorityURI="http://id.loc.gov/vocabulary/preservation/relationshipType" valueURI="http://id.loc.gov/vocabulary/preservation/relationshipType/str">structural</premis:relationshipType>
      <premis:relationshipSubType authority="relationshipSubType" authorityURI="http://id.loc.gov/vocabulary/preservation/relationshipSubType" valueURI="http://id.loc.gov/vocabulary/preservation/relationshipSubType/inc">includes</premis:relationshipSubType>
      <premis:relatedObjectIdentifier>
        <premis:relatedObjectIdentifierType>UUID</premis:relatedObjectIdentifierType>
        <premis:relatedObjectIdentifierValue>uuid-6A07B2FE-3363-4B46-953E-59A30BE67F9B</premis:relatedObjectIdentifierValue>
      </premis:relatedObjectIdentifier>
      <premis:relatedObjectIdentifier>
        <premis:relatedObjectIdentifierType>UUID</premis:relatedObjectIdentifierType>
        <premis:relatedObjectIdentifierValue>uuid-ECEB4181-5052-43C2-A3AD-D44AE5FB4D16</premis:relatedObjectIdentifierValue>
      </premis:relatedObjectIdentifier>
      <premis:relatedObjectIdentifier>
        <premis:relatedObjectIdentifierType>UUID</premis:relatedObjectIdentifierType>
        <premis:relatedObjectIdentifierValue>uuid-254F143D-85A3-4DB8-BFA4-53000DEA04C7</premis:relatedObjectIdentifierValue>
      </premis:relatedObjectIdentifier>
    </premis:relationship>

    <!-- relationship between representation and its IE/subIE -->
    <premis:relationship>
      <premis:relationshipType authority="relationshipType" authorityURI="http://id.loc.gov/vocabulary/preservation/relationshipType" valueURI="http://id.loc.gov/vocabulary/preservation/relationshipType/str">structural</premis:relationshipType>
      <premis:relationshipSubType authority="relationshipSubType" authorityURI="http://id.loc.gov/vocabulary/preservation/relationshipSubType" valueURI="http://id.loc.gov/vocabulary/preservation/relationshipSubType/rep">represents</premis:relationshipSubType>
      <premis:relatedObjectIdentifier>
        <premis:relatedObjectIdentifierType>VIAA PID</premis:relatedObjectIdentifierType>
        <premis:relatedObjectIdentifierValue>qv3bz95m19</premis:relatedObjectIdentifierValue>
      </premis:relatedObjectIdentifier>
    </premis:relationship>
  </premis:object>

  <premis:object xsi:type="premis:file">

    <premis:objectIdentifier>
      <premis:objectIdentifierType>UUID</premis:objectIdentifierType>
      <premis:objectIdentifierValue>uuid-6A07B2FE-3363-4B46-953E-59A30BE67F9B</premis:objectIdentifierValue>
    </premis:objectIdentifier>

    <premis:objectCharacteristics>
      <premis:fixity>
        <premis:messageDigestAlgorithm authority="cryptographicHashFunctions" authorityURI="http://id.loc.gov/vocabulary/preservation/cryptographicHashFunctions" valueURI="http://id.loc.gov/vocabulary/preservation/cryptographicHashFunctions/md5">
                MD5
        </premis:messageDigestAlgorithm>
        <premis:messageDigest>9b7dd51ee94d1cc666392f5fbb6d9ea2</premis:messageDigest>
      </premis:fixity>
      <premis:size>558891008</premis:size>
      <premis:format>
        <premis:formatRegistry>
          <premis:formatRegistryName>PRONOM</premis:formatRegistryName>
          <premis:formatRegistryKey>fmt/1210</premis:formatRegistryKey>
          <premis:formatRegistryRole authority="http://id.loc.gov/vocabulary/preservation/formatRegistryRole" valueURI="http://id.loc.gov/vocabulary/preservation/formatRegistryRole/spe">specification</premis:formatRegistryRole>
        </premis:formatRegistry>
      </premis:format>
    </premis:objectCharacteristics>

    <premis:originalName>qv3bz95m19_ARCH_OBJ</premis:originalName>

    <!-- relationship between file and its representation -->
    <premis:relationship>
      <premis:relationshipType authority="relationshipType" authorityURI="http://id.loc.gov/vocabulary/preservation/relationshipType" valueURI="http://id.loc.gov/vocabulary/preservation/relationshipType/str">structural</premis:relationshipType>
      <premis:relationshipSubType authority="relationshipSubType" authorityURI="http://id.loc.gov/vocabulary/preservation/relationshipSubType" valueURI="http://id.loc.gov/vocabulary/preservation/relationshipSubType/isi">is included in</premis:relationshipSubType>
      <premis:relatedObjectIdentifier>
        <premis:relatedObjectIdentifierType>UUID</premis:relatedObjectIdentifierType>
        <premis:relatedObjectIdentifierValue>uuid-187DA428-6BA1-4EB7-B786-CD4AF85A02B1</premis:relatedObjectIdentifierValue>
      </premis:relatedObjectIdentifier>
    </premis:relationship>

  </premis:object>

  <premis:object xsi:type="premis:file">

    <premis:objectIdentifier>
      <premis:objectIdentifierType>UUID</premis:objectIdentifierType>
      <premis:objectIdentifierValue>uuid-ECEB4181-5052-43C2-A3AD-D44AE5FB4D16</premis:objectIdentifierValue>
    </premis:objectIdentifier>

    <premis:objectCharacteristics>
      <premis:fixity>
        <premis:messageDigestAlgorithm authority="cryptographicHashFunctions" authorityURI="http://id.loc.gov/vocabulary/preservation/cryptographicHashFunctions" valueURI="http://id.loc.gov/vocabulary/preservation/cryptographicHashFunctions/md5">
                MD5
        </premis:messageDigestAlgorithm>
        <premis:messageDigest>9b7dd51ee94d1cc666392f5fbb6d9ea2</premis:messageDigest>
      </premis:fixity>
      <premis:size>558891008</premis:size>
      <premis:format>
        <premis:formatRegistry>
          <premis:formatRegistryName>PRONOM</premis:formatRegistryName>
          <premis:formatRegistryKey>fmt/1211</premis:formatRegistryKey>
          <premis:formatRegistryRole authority="http://id.loc.gov/vocabulary/preservation/formatRegistryRole" valueURI="http://id.loc.gov/vocabulary/preservation/formatRegistryRole/spe">specification</premis:formatRegistryRole>
        </premis:formatRegistry>
        <premis:formatNote></premis:formatNote>
      </premis:format>
    </premis:objectCharacteristics>

    <premis:originalName>qv3bz95m19_ARCH_MTL</premis:originalName>

    <!-- relationship between file and its representation -->
    <premis:relationship>
      <premis:relationshipType authority="relationshipType" authorityURI="http://id.loc.gov/vocabulary/preservation/relationshipType" valueURI="http://id.loc.gov/vocabulary/preservation/relationshipType/str">structural</premis:relationshipType>
      <premis:relationshipSubType authority="relationshipSubType" authorityURI="http://id.loc.gov/vocabulary/preservation/relationshipSubType" valueURI="http://id.loc.gov/vocabulary/preservation/relationshipSubType/isi">is included in</premis:relationshipSubType>
      <premis:relatedObjectIdentifier>
        <premis:relatedObjectIdentifierType>UUID</premis:relatedObjectIdentifierType>
        <premis:relatedObjectIdentifierValue>uuid-187DA428-6BA1-4EB7-B786-CD4AF85A02B1</premis:relatedObjectIdentifierValue>
      </premis:relatedObjectIdentifier>
    </premis:relationship>

  </premis:object>

  <premis:object xsi:type="premis:file">

    <premis:objectIdentifier>
      <premis:objectIdentifierType>UUID</premis:objectIdentifierType>
      <premis:objectIdentifierValue>uuid-254F143D-85A3-4DB8-BFA4-53000DEA04C7</premis:objectIdentifierValue>
    </premis:objectIdentifier>

    <premis:objectCharacteristics>
      <premis:fixity>
        <premis:messageDigestAlgorithm authority="cryptographicHashFunctions" authorityURI="http://id.loc.gov/vocabulary/preservation/cryptographicHashFunctions" valueURI="http://id.loc.gov/vocabulary/preservation/cryptographicHashFunctions/md5">
                MD5
        </premis:messageDigestAlgorithm>
        <premis:messageDigest>9b7dd51ee94d1cc666392f5fbb6d9ea2</premis:messageDigest>
      </premis:fixity>
      <premis:size>558891008</premis:size>
      <premis:format>
        <premis:formatRegistry>
          <premis:formatRegistryName>PRONOM</premis:formatRegistryName>
          <premis:formatRegistryKey>fmt/154</premis:formatRegistryKey>
          <premis:formatRegistryRole authority="http://id.loc.gov/vocabulary/preservation/formatRegistryRole" valueURI="http://id.loc.gov/vocabulary/preservation/formatRegistryRole/spe">specification</premis:formatRegistryRole>
        </premis:formatRegistry>
        <premis:formatNote></premis:formatNote>
      </premis:format>
    </premis:objectCharacteristics>

    <premis:originalName>qv3bz95m19_ARCH_TIFF_COLOR</premis:originalName>

    <!-- relationship between file and its representation -->
    <premis:relationship>
      <premis:relationshipType authority="relationshipType" authorityURI="http://id.loc.gov/vocabulary/preservation/relationshipType" valueURI="http://id.loc.gov/vocabulary/preservation/relationshipType/str">structural</premis:relationshipType>
      <premis:relationshipSubType authority="relationshipSubType" authorityURI="http://id.loc.gov/vocabulary/preservation/relationshipSubType" valueURI="http://id.loc.gov/vocabulary/preservation/relationshipSubType/isi">is included in</premis:relationshipSubType>
      <premis:relatedObjectIdentifier>
        <premis:relatedObjectIdentifierType>UUID</premis:relatedObjectIdentifierType>
        <premis:relatedObjectIdentifierValue>uuid-187DA428-6BA1-4EB7-B786-CD4AF85A02B1</premis:relatedObjectIdentifierValue>
      </premis:relatedObjectIdentifier>
    </premis:relationship>

  </premis:object>

</premis:premis>