<?xml version='1.0' encoding='UTF-8'?>
<metadata xmlns:dcterms="http://purl.org/dc/terms/" xmlns:xs="http://www.w3.org/2001/XMLSchema/" xmlns:xsi="http://www.w3.org/2001/XMLSchema-instance/" xmlns:edtf="http://id.loc.gov/datatypes/edtf/" xmlns:schema="https://schema.org/">


  <!-- general title for the resource -->
  <dcterms:title xml:lang="nl">Bewening van Christus</dcterms:title>
  <dcterms:title xml:lang="en">The lamentation over the Dead Christ</dcterms:title>

  <!-- general description for the resource -->
  <dcterms:description xml:lang="nl">Rond 1629 geschilderd voor het hoogaltaar van de Begijnhofkerk te Antwerpen. Een tweede exemplaar wordt bewaard te Madrid (Prado); schetsen te Leningrad (Hermitage) een kleinere herhaling te Hagley (Lord Littleton) een tekening in Atger Museum te Montpellier en een grisaille studie tenslotte bevond zich in 1776 in de veiling Randon de Boisset. Het schilderij werd gegraveerd door Paul Pontius en Andreas van Rymsdyck.</dcterms:description>
  <dcterms:description xml:lang="en">Painted around 1629 for the high altar of the Beguinage Church in Antwerp. A second copy is kept in Madrid (Prado); sketches at Leningrad (Hermitage) a smaller repetition at Hagley (Lord Littleton) a drawing in the Atger Museum in Montpellier and finally a grisaille study was in the Randon de Boisset auction in 1776. The painting was engraved by Paul Pontius and Andreas van Rymsdyck.</dcterms:description>

  <!-- linking id between dc and premis -->
  <dcterms:identifier>7m03z1634f</dcterms:identifier>

  <!-- creationdate -->
  <dcterms:created xsi:type="edtf:EDTF-level1">1628/1629</dcterms:created>

  <dcterms:subject xml:lang="nl">topstukken</dcterms:subject>
  <dcterms:subject xml:lang="nl">religie</dcterms:subject>
  <dcterms:subject xml:lang="nl">Christus</dcterms:subject>

  <schema:creator schema:roleName="auteur">
    <schema:name>Anthony van Dyck</schema:name>
    <schema:birthDate xsi:type="xsd:dateTime">1599</schema:birthDate>
    <schema:deathDate xsi:type="xsd:dateTime">1641</schema:deathDate>
  </schema:creator>

  <!-- rights note -->
  <dcterms:rights xml:lang="en">public domain</dcterms:rights>

  <!-- creator -->
  <schema:creator schema:roleName="auteur">
    <schema:name>Anthony van Dyck</schema:name>
    <schema:birthDate xsi:type="xsd:dateTime">1599</schema:birthDate>
    <schema:deathDate xsi:type="xsd:dateTime">1641</schema:deathDate>
  </schema:creator>


  <!-- dimensions -->
  <schema:height>
    <schema:value>3030</schema:value>
    <schema:unitText>mm</schema:unitText>
    <schema:unitCode>MMT</schema:unitCode>
  </schema:height>
  <schema:width>
    <schema:value>2250</schema:value>
    <schema:unitText>mm</schema:unitText>
    <schema:unitCode>MMT</schema:unitCode>
  </schema:width>
  <schema:artMedium xml:lang="nl">olieverf op doek</schema:artMedium>
  <schema:artMedium xml:lang="en">oil on canvas</schema:artMedium>
  <schema:artform xml:lang="en">painting</schema:artform>
  <schema:artform xml:lang="nl">schilderij</schema:artform>

</metadata>