<?xml version="1.0"?>
<mets xmlns="http://www.loc.gov/METS/" xmlns:csip="https://DILCIS.eu/XML/METS/CSIPExtensionMETS" xmlns:sip="https://DILCIS.eu/XML/METS/SIPExtensionMETS" xmlns:xsi="http://www.w3.org/2001/XMLSchema-instance" xmlns:xlink="http://www.w3.org/1999/xlink" OBJID="representation_1" TYPE="Photographs – Digital" PROFILE="https://earksip.dilcis.eu/profile/E-ARK-SIP.xml">

    <metsHdr CREATEDATE="2022-02-16T10:02:37.009+02:00" />

    <amdSec ID="uuid-57d46141-de8c-468e-810a-3c5d3e1dbb32">
        <digiprovMD ID="uuid-f7972ff5-599e-4f60-8b7e-8bbf4e035482">
            <mdRef ID="uuid-ff477bd3-919e-4cec-a953-40788b681b9b" LOCTYPE="URL" MDTYPE="PREMIS" xlink:type="simple" xlink:href="./metadata/preservation/premis.xml" MIMETYPE="text/xml" SIZE="4782" CREATED="2022-02-16T10:02:37.009+02:00" CHECKSUM="a8041a1a240fc7f6ec9c838e78819613" CHECKSUMTYPE="MD5" />
        </digiprovMD>
    </amdSec>

    <fileSec ID="uuid-170f9654-bf8d-45df-8451-48d6203b9f03">
        <fileGrp USE="representation_1" ID="uuid-2b28a978-7374-44af-87b5-e1992f9e811c">
            <fileGrp USE="metadata" ID="uuid-b9040fdc-b9eb-4d84-9e55-aef6fde3aa0c">
                <fileGrp USE="metadata/descriptive" ID="uuid-ee4e9563-b051-4015-a736-8ae427e226ec" >
                    <file ID="uuid-c41434cd-2b7a-413e-b52f-181820cfdea9" MIMETYPE="application/xml" SIZE="4782" CREATED="2022-02-16T10:02:37.009+02:00" CHECKSUM="a8041a1a240fc7f6ec9c838e78819613" CHECKSUMTYPE="MD5">
                        <FLocat LOCTYPE="URL" xlink:type="simple" xlink:href="./metadata/descriptive/dc.xml" />
                    </file>
                </fileGrp>
                <fileGrp USE="metadata/preservation" ID="uuid-b95a0138-5e70-47e9-9fa4-b64caab58862">
                    <file ID="uuid-c41434cd-2b7a-413e-b52f-181820cfdea9" MIMETYPE="application/xml" SIZE="4782" CREATED="2022-02-16T10:02:37.009+02:00" CHECKSUM="a8041a1a240fc7f6ec9c838e78819613" CHECKSUMTYPE="MD5">
                        <FLocat LOCTYPE="URL" xlink:type="simple" xlink:href="./metadata/preservation/premis.xml" />
                    </file>
                </fileGrp>
            </fileGrp>
            <fileGrp USE="data" ID="uuid-d020d7d1-f258-40af-8788-04cf62a0032b">
                <file ID="uuid-d1a845ba-156b-439f-aa20-6231333a8739" MIMETYPE="image/tiff" SIZE="1735648" CREATED="2022-02-16T10:02:37.009+02:00" CHECKSUM="18513a8d61c6f2cbaaeeedd754b01d6b" CHECKSUMTYPE="MD5">
                    <FLocat LOCTYPE="URL" xlink:type="simple" xlink:href="./data/7m03z1634f_overzichtsopname_metlijst_tiff.tif" />
                </file>
            </fileGrp>
        </fileGrp>
    </fileSec>

    <structMap ID="uuid-f81f8688-b278-4397-b59c-82593b11a2b9" TYPE="PHYSICAL" LABEL="CSIP">
        <div ID="uuid-a5e05d29-49d9-4466-b070-19b8990b5029" LABEL="">
            <div ID="uuid-af54ed63-8361-4d90-a30f-99d02de24857" LABEL="metadata">
                <div ID="uuid-bd264aca-9c23-4b4c-be39-ce35da7e854d" LABEL="descriptive" />
                <div ID="uuid-90178f1e-208c-4b0d-8e1f-c74001583152" LABEL="preservation">
                    <fptr FILEID="uuid-c41434cd-2b7a-413e-b52f-181820cfdea9" />
                </div>
            </div>
            <div ID="uuid-c137b167-7254-4085-b965-75980976638d" LABEL="data">
                <fptr FILEID="uuid-d1a845ba-156b-439f-aa20-6231333a8739" />
            </div>
        </div>
    </structMap>
</mets> 