<?xml version="1.0"?>
<mets xmlns="http://www.loc.gov/METS/" xmlns:csip="https://DILCIS.eu/XML/METS/CSIPExtensionMETS" xmlns:sip="https://DILCIS.eu/XML/METS/SIPExtensionMETS" xmlns:xsi="http://www.w3.org/2001/XMLSchema-instance" xmlns:xlink="http://www.w3.org/1999/xlink" OBJID="representation_3" TYPE="Textual works - Print" PROFILE="https://earksip.dilcis.eu/profile/E-ARK-SIP.xml">

    <metsHdr CREATEDATE="2022-02-16T10:02:37.009+02:00" />

    <amdSec>
        <digiprovMD ID="uuid-0fe3be01-ec81-4623-a376-f6b836575a82">
            <mdRef LOCTYPE="URL" MDTYPE="PREMIS" xlink:type="simple" xlink:href="./metadata/preservation/premis.xml" MIMETYPE="text/xml" SIZE="7386" CREATED="2022-02-16T10:02:37.009+02:00" CHECKSUM="c4a58181f1e7ee9f17885d8b286e4400" CHECKSUMTYPE="MD5" />
        </digiprovMD>
    </amdSec>

    <fileSec ID="uuid-0b697139-4a37-4dcf-aec1-a6baf4602aac">
        <fileGrp USE="data" ID="uuid-3e0e5e49-5e8a-4ecd-af5f-4f998cec460b">
            <!-- dummy txt file filling in for pdf file -->
            <file ID="uuid-91d69ad4-67b1-4585-a452-a9fa2d187da4" MIMETYPE="application/postscript" SIZE="0" CREATED="2022-02-16T10:02:37.009+02:00" CHECKSUM="d41d8cd98f00b204e9800998ecf8427e" CHECKSUMTYPE="MD5">
                <FLocat LOCTYPE="URL" xlink:type="simple" xlink:href="./data/18950101.pdf" />
            </file>
        </fileGrp>
    </fileSec>

    <!-- structural map for the structure of the SIP itself -->
    <structMap ID="uuid-01f86982-4708-45a4-950f-65708b7a5937" TYPE="PHYSICAL" LABEL="CSIP">
        <div ID="uuid-dbcdff8f-7422-4ddb-b366-56e984622f7d" LABEL="representation_3">
            <div ID="uuid-d3238f49-28c8-49c6-a30e-7635ec97696b" LABEL="Metadata" ADMID="uuid-0fe3be01-ec81-4623-a376-f6b836575a82" />
            <div ID="uuid-cae7f276-2867-4bfb-8048-f799a38dcc22" LABEL="data">
                <fptr FILEID="uuid-3e0e5e49-5e8a-4ecd-af5f-4f998cec460b" />
            </div>
        </div>
    </structMap>

</mets> 