<?xml version='1.0' encoding='UTF-8'?>
<metadata xmlns:dcterms="http://purl.org/dc/terms/" xmlns:xs="http://www.w3.org/2001/XMLSchema/" xmlns:xsi="http://www.w3.org/2001/XMLSchema-instance/">

  <!-- general title for the representation -->
  <dcterms:title>Colour representation of the Felis Catus Flamens lying on a sofa</dcterms:title>

  <!-- linking id between dc and premis -->
  <dcterms:identifier>uuid-541292c3-223a-4b80-b747-66bc86ff4a89</dcterms:identifier>

  <!-- date when representation was created -->
  <dcterms:created xsi:type="edtf">2022-01~</dcterms:created>

  <!-- multiple keywords about the representation -->
  <dcterms:subject>Cat</dcterms:subject>
  <dcterms:subject>Felis Catus Flamens</dcterms:subject>
  <dcterms:subject>Sofa</dcterms:subject>

</metadata> 
 