<?xml version="1.0" encoding="UTF-8"?>
<premis:premis version="3.0" xmlns:xsi="http://www.w3.org/2001/XMLSchema-instance" xmlns:premis="http://www.loc.gov/premis/v3" xsi:schemaLocation="http://www.loc.gov/premis/v3 https://www.loc.gov/standards/premis/premis.xsd">

  <premis:object xsi:type="premis:representation">

    <!-- Create PREMIS object for the representation itself -->
    <premis:objectIdentifier>
      <premis:objectIdentifierType>UUID</premis:objectIdentifierType>
      <premis:objectIdentifierValue>uuid-67be6f63-0d3d-4507-959d-67d8c8b949bb</premis:objectIdentifierValue>
    </premis:objectIdentifier>

    <!-- relationship between representation and its files, detailed below -->
    <premis:relationship>
      <premis:relationshipType authority="relationshipType" authorityURI="http://id.loc.gov/vocabulary/preservation/relationshipType" valueURI="http://id.loc.gov/vocabulary/preservation/relationshipType/str">structural</premis:relationshipType>
      <premis:relationshipSubType authority="relationshipSubType" authorityURI="http://id.loc.gov/vocabulary/preservation/relationshipSubType" valueURI="http://id.loc.gov/vocabulary/preservation/relationshipSubType/inc">includes</premis:relationshipSubType>
      <premis:relatedObjectIdentifier>
        <premis:relatedObjectIdentifierType>UUID</premis:relatedObjectIdentifierType>
        <premis:relatedObjectIdentifierValue>uuid-1950c387-bf64-47a7-869c-4b428bfe9905</premis:relatedObjectIdentifierValue>
      </premis:relatedObjectIdentifier>
    </premis:relationship>

    <!-- relationship between representation and its IE -->
    <!-- uuid from bag/data/metadata/preservation/premis.xml -->
    <!-- #? is it a good idea to replace the rel. subtype by the specific relationship we defined
      instead of the generic 'represents'? -->
    <premis:relationship>
      <premis:relationshipType authority="relationshipType" authorityURI="http://id.loc.gov/vocabulary/preservation/relationshipType" valueURI="http://id.loc.gov/vocabulary/preservation/relationshipType/str">structural</premis:relationshipType>
      <premis:relationshipSubType authority="haObj" authorityURI="https://data.hetarchief.be/ns/object/" valueURI="https://data.hetarchief.be/ns/object/isMasterCopyOf">is master of</premis:relationshipSubType>
      <premis:relatedObjectIdentifier>
        <premis:relatedObjectIdentifierType>UUID</premis:relatedObjectIdentifierType>
        <premis:relatedObjectIdentifierValue>uuid-b1c5fa36-6bb6-460b-836b-ade5541fe89e</premis:relatedObjectIdentifierValue>
      </premis:relatedObjectIdentifier>
    </premis:relationship>
  </premis:object>

  <premis:object xsi:type="premis:file">

    <premis:objectIdentifier>
      <premis:objectIdentifierType>UUID</premis:objectIdentifierType>
      <premis:objectIdentifierValue>uuid-1950c387-bf64-47a7-869c-4b428bfe9905</premis:objectIdentifierValue>
    </premis:objectIdentifier>

    <premis:objectCharacteristics>
      <premis:fixity>
        <premis:messageDigestAlgorithm authority="cryptographicHashFunctions" authorityURI="http://id.loc.gov/vocabulary/preservation/cryptographicHashFunctions" valueURI="http://id.loc.gov/vocabulary/preservation/cryptographicHashFunctions/md5">
                MD5
        </premis:messageDigestAlgorithm>
        <premis:messageDigest>383f2b0ab44de2c48dbadab15dd326c0</premis:messageDigest>
      </premis:fixity>
      <premis:size>54428255240</premis:size>
      <premis:format>
        <premis:formatRegistry>
          <premis:formatRegistryName>PRONOM</premis:formatRegistryName>
          <premis:formatRegistryKey>x-fmt/263</premis:formatRegistryKey>
          <premis:formatRegistryRole authority="formatRegistryRole" authorityURI="http://id.loc.gov/vocabulary/preservation/formatRegistryRole" valueURI="http://id.loc.gov/vocabulary/preservation/formatRegistryRole/spe">specification</premis:formatRegistryRole>
        </premis:formatRegistry>
      </premis:format>
    </premis:objectCharacteristics>

    <premis:originalName></premis:originalName>

    <!-- relationship between file and its representation -->
    <premis:relationship>
      <premis:relationshipType authority="relationshipType" authorityURI="http://id.loc.gov/vocabulary/preservation/relationshipType" valueURI="http://id.loc.gov/vocabulary/preservation/relationshipType/str">structural</premis:relationshipType>
      <premis:relationshipSubType authority="relationshipSubType" authorityURI="http://id.loc.gov/vocabulary/preservation/relationshipSubType" valueURI="http://id.loc.gov/vocabulary/preservation/relationshipSubType/isi">is included in</premis:relationshipSubType>
      <premis:relatedObjectIdentifier>
        <premis:relatedObjectIdentifierType>UUID</premis:relatedObjectIdentifierType>
        <premis:relatedObjectIdentifierValue>uuid-67be6f63-0d3d-4507-959d-67d8c8b949bb</premis:relatedObjectIdentifierValue>
      </premis:relatedObjectIdentifier>
    </premis:relationship>

  </premis:object>

</premis:premis>