<?xml version="1.0" encoding="UTF-8"?>
<premis:premis version="3.0" xmlns:xsi="http://www.w3.org/2001/XMLSchema-instance" xmlns:premis="http://www.loc.gov/premis/v3" xsi:schemaLocation="http://www.loc.gov/premis/v3 https://www.loc.gov/standards/premis/premis.xsd">

  <premis:object xsi:type="premis:representation">

    <premis:objectIdentifier>
      <premis:objectIdentifierType>UUID</premis:objectIdentifierType>
      <premis:objectIdentifierValue>uuid-c84a4912-f10d-46a5-b513-e4c4e2eefb43</premis:objectIdentifierValue>
    </premis:objectIdentifier>

    <!-- relationship between representation and its files -->
    <premis:relationship>
      <premis:relationshipType authority="relationshipType" authorityURI="http://id.loc.gov/vocabulary/preservation/relationshipType" valueURI="http://id.loc.gov/vocabulary/preservation/relationshipType/str">structural</premis:relationshipType>
      <premis:relationshipSubType authority="relationshipSubType" authorityURI="http://id.loc.gov/vocabulary/preservation/relationshipSubType" valueURI="http://id.loc.gov/vocabulary/preservation/relationshipSubType/inc">includes</premis:relationshipSubType>
      <premis:relatedObjectIdentifier>
        <premis:relatedObjectIdentifierType>UUID</premis:relatedObjectIdentifierType>
        <premis:relatedObjectIdentifierValue>uuid-e84e46b4-faaf-478d-a238-31b7be5b7e98</premis:relatedObjectIdentifierValue>
      </premis:relatedObjectIdentifier>
      <premis:relatedObjectIdentifier>
        <premis:relatedObjectIdentifierType>UUID</premis:relatedObjectIdentifierType>
        <premis:relatedObjectIdentifierValue>uuid-b3d4b82b-563d-4c14-8e12-23c8da858dd0</premis:relatedObjectIdentifierValue>
      </premis:relatedObjectIdentifier>
    </premis:relationship>

    <!-- relationship between representation and its IE -->
    <premis:relationship>
      <premis:relationshipType authority="relationshipType" authorityURI="http://id.loc.gov/vocabulary/preservation/relationshipType" valueURI="http://id.loc.gov/vocabulary/preservation/relationshipType/str">structural</premis:relationshipType>
      <premis:relationshipSubType authority="relationshipSubType" authorityURI="http://id.loc.gov/vocabulary/preservation/relationshipSubType" valueURI="http://id.loc.gov/vocabulary/preservation/relationshipSubType/rep">represents</premis:relationshipSubType>
      <premis:relatedObjectIdentifier>
        <premis:relatedObjectIdentifierType>UUID</premis:relatedObjectIdentifierType>
        <premis:relatedObjectIdentifierValue>uuid-f58ece94-f050-4b5b-b383-bba83393eaff</premis:relatedObjectIdentifierValue>
      </premis:relatedObjectIdentifier>
    </premis:relationship>
  </premis:object>

  <premis:object xsi:type="premis:file">

    <premis:objectIdentifier>
      <premis:objectIdentifierType>UUID</premis:objectIdentifierType>
      <premis:objectIdentifierValue>uuid-e84e46b4-faaf-478d-a238-31b7be5b7e98</premis:objectIdentifierValue>
    </premis:objectIdentifier>

    <premis:objectCharacteristics>
      <premis:fixity>
        <premis:messageDigestAlgorithm authority="cryptographicHashFunctions" authorityURI="http://id.loc.gov/vocabulary/preservation/cryptographicHashFunctions" valueURI="http://id.loc.gov/vocabulary/preservation/cryptographicHashFunctions/md5">
                MD5
        </premis:messageDigestAlgorithm>
        <premis:messageDigest>22502b5dc38e893d99e9368c6ff70229</premis:messageDigest>
      </premis:fixity>
      <premis:size>5</premis:size>
      <premis:format>
        <premis:formatRegistry>
          <premis:formatRegistryName>PRONOM</premis:formatRegistryName>
          <premis:formatRegistryKey>fmt-199</premis:formatRegistryKey>
          <premis:formatRegistryRole authority="http://id.loc.gov/vocabulary/preservation/formatRegistryRole" valueURI="http://id.loc.gov/vocabulary/preservation/formatRegistryRole/spe">specification</premis:formatRegistryRole>
        </premis:formatRegistry>
      </premis:format>
    </premis:objectCharacteristics>

    <premis:originalName>broadcaster_news_20220525.mp4</premis:originalName>

    <!-- relationship between file and its representation -->
    <premis:relationship>
      <premis:relationshipType authority="relationshipType" authorityURI="http://id.loc.gov/vocabulary/preservation/relationshipType" valueURI="http://id.loc.gov/vocabulary/preservation/relationshipType/str">structural</premis:relationshipType>
      <premis:relationshipSubType authority="relationshipSubType" authorityURI="http://id.loc.gov/vocabulary/preservation/relationshipSubType" valueURI="http://id.loc.gov/vocabulary/preservation/relationshipSubType/isi">is included in</premis:relationshipSubType>
      <premis:relatedObjectIdentifier>
        <premis:relatedObjectIdentifierType>UUID</premis:relatedObjectIdentifierType>
        <premis:relatedObjectIdentifierValue>uuid-c84a4912-f10d-46a5-b513-e4c4e2eefb43</premis:relatedObjectIdentifierValue>
      </premis:relatedObjectIdentifier>
    </premis:relationship>

    <!-- relationship between the video file and the subtitles file -->
    <premis:relationship>
      <premis:relationshipType authority="relationshipType" authorityURI="http://id.loc.gov/vocabulary/preservation/relationshipType" valueURI="http://id.loc.gov/vocabulary/preservation/relationshipType/dep">dependency</premis:relationshipType>
      <premis:relationshipSubType authority="relationshipSubType" authorityURI="http://id.loc.gov/vocabulary/preservation/relationshipSubType" valueURI="http://id.loc.gov/vocabulary/preservation/relationshipSubType/irq">is required by</premis:relationshipSubType>
      <premis:relatedObjectIdentifier>
        <premis:relatedObjectIdentifierType>UUID</premis:relatedObjectIdentifierType>
        <premis:relatedObjectIdentifierValue>uuid-b3d4b82b-563d-4c14-8e12-23c8da858dd0</premis:relatedObjectIdentifierValue>
      </premis:relatedObjectIdentifier>
    </premis:relationship>

  </premis:object>

  <premis:object xsi:type="premis:file">

    <premis:objectIdentifier>
      <premis:objectIdentifierType>UUID</premis:objectIdentifierType>
      <premis:objectIdentifierValue>uuid-b3d4b82b-563d-4c14-8e12-23c8da858dd0</premis:objectIdentifierValue>
    </premis:objectIdentifier>

    <premis:objectCharacteristics>
      <premis:fixity>
        <premis:messageDigestAlgorithm authority="cryptographicHashFunctions" authorityURI="http://id.loc.gov/vocabulary/preservation/cryptographicHashFunctions" valueURI="http://id.loc.gov/vocabulary/preservation/cryptographicHashFunctions/md5">
                MD5
        </premis:messageDigestAlgorithm>
        <premis:messageDigest>daefffb93e6c3be7136ba40edae4f2f1</premis:messageDigest>
      </premis:fixity>
      <premis:size>3</premis:size>
      <premis:format>
        <premis:formatRegistry>
          <premis:formatRegistryName>PRONOM</premis:formatRegistryName>
          <premis:formatRegistryKey>fmt-1218</premis:formatRegistryKey>
          <premis:formatRegistryRole authority="http://id.loc.gov/vocabulary/preservation/formatRegistryRole" valueURI="http://id.loc.gov/vocabulary/preservation/formatRegistryRole/spe">specification</premis:formatRegistryRole>
        </premis:formatRegistry>
      </premis:format>
    </premis:objectCharacteristics>

    <premis:originalName>broadcaster_news_20220525.srt</premis:originalName>

    <!-- relationship between file and its representation -->
    <premis:relationship>
      <premis:relationshipType authority="relationshipType" authorityURI="http://id.loc.gov/vocabulary/preservation/relationshipType" valueURI="http://id.loc.gov/vocabulary/preservation/relationshipType/str">structural</premis:relationshipType>
      <premis:relationshipSubType authority="relationshipSubType" authorityURI="http://id.loc.gov/vocabulary/preservation/relationshipSubType" valueURI="http://id.loc.gov/vocabulary/preservation/relationshipSubType/isi">is included in</premis:relationshipSubType>
      <premis:relatedObjectIdentifier>
        <premis:relatedObjectIdentifierType>UUID</premis:relatedObjectIdentifierType>
        <premis:relatedObjectIdentifierValue>uuid-c84a4912-f10d-46a5-b513-e4c4e2eefb43</premis:relatedObjectIdentifierValue>
      </premis:relatedObjectIdentifier>
    </premis:relationship>

    <!-- relationship between the subtitles file and the video file -->
    <premis:relationship>
      <premis:relationshipType authority="relationshipType" authorityURI="http://id.loc.gov/vocabulary/preservation/relationshipType" valueURI="http://id.loc.gov/vocabulary/preservation/relationshipType/dep">dependency</premis:relationshipType>
      <premis:relationshipSubType authority="relationshipSubType" authorityURI="http://id.loc.gov/vocabulary/preservation/relationshipSubType" valueURI="http://id.loc.gov/vocabulary/preservation/relationshipSubType/req">requires</premis:relationshipSubType>
      <premis:relatedObjectIdentifier>
        <premis:relatedObjectIdentifierType>UUID</premis:relatedObjectIdentifierType>
        <premis:relatedObjectIdentifierValue>uuid-e84e46b4-faaf-478d-a238-31b7be5b7e98</premis:relatedObjectIdentifierValue>
      </premis:relatedObjectIdentifier>
    </premis:relationship>

  </premis:object>

</premis:premis>