<?xml version='1.0' encoding='UTF-8'?>
<mets xmlns="http://www.loc.gov/METS/" xmlns:csip="https://DILCIS.eu/XML/METS/CSIPExtensionMETS"
    xmlns:sip="https://DILCIS.eu/XML/METS/SIPExtensionMETS"
    xmlns:xsi="http://www.w3.org/2001/XMLSchema-instance" xmlns:xlink="http://www.w3.org/1999/xlink"
    OBJID="uuid-8d162599-705e-4e1a-894b-a9ed84724167"
    PROFILE="https://earksip.dilcis.eu/profile/E-ARK-SIP.xml"
    TYPE="Video – File-based and Physical Media">

    <metsHdr CREATEDATE="2023-11-17T10:01:15.014+02:00" csip:OAISPACKAGETYPE="SIP">
        <!-- information about the software -->
        <agent ROLE="CREATOR" TYPE="OTHER" OTHERTYPE="SOFTWARE">
            <name>meemoo SIP creator</name>
            <note csip:NOTETYPE="SOFTWARE VERSION">0.1.0</note>
        </agent>
        <!-- information about the archival creator-->
        <!-- in this case: the content partner -->
        <agent ROLE="ARCHIVIST" TYPE="ORGANIZATION">
            <name>archival creator</name>
            <note csip:NOTETYPE="IDENTIFICATIONCODE">OR-jw86m54</note>
        </agent>
        <!-- information about the submitting organisation -->
        <!-- in this case: the service provider -->
        <agent ROLE="CREATOR" TYPE="ORGANIZATION">
            <name>submitting organization</name>
            <note csip:NOTETYPE="IDENTIFICATIONCODE">OR-183420s</note>
        </agent>
    </metsHdr>

    <!-- ref to descriptive metadata about IE and carrier (representation) -->
    <dmdSec ID="uuid-2576d4b7-e3a6-4467-8e48-e45ac82e8f64" CREATED="2023-11-16T00:00:00+02:00">
        <mdRef LOCTYPE="URL" MDTYPE="OTHER" xlink:type="simple"
            xlink:href="metadata/descriptive/descriptive.xml" MIMETYPE="text/xml" SIZE="2181"
            CREATED="2023-11-16T00:00:00+02:00" CHECKSUM="93025bae1b8e73834f0b947ea78bc1a0"
            CHECKSUMTYPE="MD5" />
    </dmdSec>

    <!-- ref to the PREMIS metadata about IE/subIE(s)/package -->
    <amdSec>
        <digiprovMD ID="uuid-e4406929-4e4c-4d71-88be-65febad583d2">
            <mdRef LOCTYPE="URL" MDTYPE="PREMIS" xlink:type="simple"
                xlink:href="metadata/preservation/premis.xml" MIMETYPE="text/xml" SIZE="27712"
                CREATED="2023-11-16T00:00:00+02:00" CHECKSUM="5fc49deb13e667dcd5361031a198d23d"
                CHECKSUMTYPE="MD5" />
        </digiprovMD>
    </amdSec>

    <!-- file section -->
    <fileSec ID="uuid-a7ce294f-156b-472b-897a-9ffbd5da1b51">

        <fileGrp USE="Representations/representation_1"
            ID="uuid-c388a348-8b44-4634-8cd1-509c0219b993">
            <file ID="uuid-44de956f-c97b-41a7-af85-c9b3fe41f4e4" MIMETYPE="text/xml" SIZE="3073"
                CREATED="2023-11-10T12:01:00+02:00" CHECKSUM="0ba2428aaa86391c4c39c1d9766676d0"
                CHECKSUMTYPE="MD5">
                <FLocat LOCTYPE="URL" xlink:type="simple"
                    xlink:href="representations/uuid-44de956f-c97b-41a7-af85-c9b3fe41f4e4/METS.xml" />
            </file>
        </fileGrp>
        <fileGrp USE="Representations/representation_2"
            ID="uuid-f3967739-fbc7-4c1e-a78d-d81ea36a8c78">
            <file ID="uuid-9868b185-3644-452d-9412-d127e555b5e5" MIMETYPE="text/xml" SIZE="3074"
                CREATED="2023-11-10T12:01:00+02:00" CHECKSUM="0dd74c3effccefbf1c58e7885b1eaa15"
                CHECKSUMTYPE="MD5">
                <FLocat LOCTYPE="URL" xlink:type="simple"
                    xlink:href="representations/uuid-9868b185-3644-452d-9412-d127e555b5e5/METS.xml" />
            </file>
        </fileGrp>
        <fileGrp USE="Representations/representation_3"
            ID="uuid-e54c22c7-ec53-4e89-a97d-919e1c48190b">
            <file ID="uuid-b78b075b-f40c-4402-865c-2d7f0c5ab59b" MIMETYPE="text/xml" SIZE="3076"
                CREATED="2023-11-10T12:01:00+02:00" CHECKSUM="3cc5a2a39da8f81a38e9ca570dbd10cd"
                CHECKSUMTYPE="MD5">
                <FLocat LOCTYPE="URL" xlink:type="simple"
                    xlink:href="representations/uuid-b78b075b-f40c-4402-865c-2d7f0c5ab59b/METS.xml" />
            </file>
        </fileGrp>

    </fileSec>

    <structMap ID="uuid-18fefa6e-7900-484b-903b-cfcbcf17dfce" TYPE="PHYSICAL" LABEL="CSIP">
        <div ID="uuid-5aba41b0-b793-4919-babb-37aaf75a65a3">
            <div ID="uuid-f0496c42-e9d7-4ffc-9291-c6e37c8dd7d4" LABEL="Metadata"
                ADMID="uuid-e4406929-4e4c-4d71-88be-65febad583d2"
                DMDID="uuid-2576d4b7-e3a6-4467-8e48-e45ac82e8f64" />
            <div ID="uuid-354ae7b6-b0af-4f5c-9e84-e008061c8f30" LABEL="representations/uuid-44de956f-c97b-41a7-af85-c9b3fe41f4e4">
                <mptr xlink:type="simple"
                    xlink:href="representations/uuid-44de956f-c97b-41a7-af85-c9b3fe41f4e4/METS.xml"
                    LOCTYPE="URL" xlink:title="uuid-44de956f-c97b-41a7-af85-c9b3fe41f4e4" />
            </div>
            <div ID="uuid-021c55e6-4ba8-4958-a9c4-f85d4beba223" LABEL="representations/uuid-9868b185-3644-452d-9412-d127e555b5e5">
                <mptr xlink:type="simple"
                    xlink:href="representations/uuid-9868b185-3644-452d-9412-d127e555b5e5/METS.xml"
                    LOCTYPE="URL" xlink:title="uuid-9868b185-3644-452d-9412-d127e555b5e5" />
            </div>
            <div ID="uuid-7e153f24-0458-44ae-9e24-f50726c6da9e" LABEL="representations/uuid-b78b075b-f40c-4402-865c-2d7f0c5ab59b">
                <mptr xlink:type="simple"
                    xlink:href="representations/uuid-b78b075b-f40c-4402-865c-2d7f0c5ab59b/METS.xml"
                    LOCTYPE="URL" xlink:title="uuid-b78b075b-f40c-4402-865c-2d7f0c5ab59b" />
            </div>
        </div>
    </structMap>
</mets>