<?xml version="1.0"?>
<mets xmlns="http://www.loc.gov/METS/" xmlns:csip="https://DILCIS.eu/XML/METS/CSIPExtensionMETS" xmlns:sip="https://DILCIS.eu/XML/METS/SIPExtensionMETS" xmlns:xsi="http://www.w3.org/2001/XMLSchema-instance" xmlns:xlink="http://www.w3.org/1999/xlink" OBJID="uuid-b4e6213d-7a32-482c-8631-7dcc5f0a7681" TYPE="Photographs – Digital" PROFILE="https://earksip.dilcis.eu/profile/E-ARK-SIP.xml">

    <metsHdr CREATEDATE="2022-02-16T10:02:37.009+02:00" />

    <dmdSec ID="uuid-9ade6abd-c7f9-450d-9c50-9c313af54d02">
        <mdRef ID="uuid-8052dfce-00e3-46f6-a7e9-df46a19c5773" LOCTYPE="URL" MDTYPE="DC" xlink:type="simple" xlink:href="./metadata/descriptive/dc_1.xml" MIMETYPE="text/xml" SIZE="790" CREATED="2022-02-16T10:02:37.009+02:00" CHECKSUM="e45622b2b8536d312203e1cb7d5548c7" CHECKSUMTYPE="MD5" />
    </dmdSec>

    <amdSec ID="uuid-13f57158-7c3f-40b5-86ef-d190ec968742">
        <digiprovMD ID="uuid-fca97f11-e8cb-40df-9021-5f2af44140a0">
            <mdRef ID="uuid-bcffe55d-bbf6-498e-acc7-447e16898a23" LOCTYPE="URL" MDTYPE="PREMIS" xlink:type="simple" xlink:href="./metadata/preservation/premis.xml" MIMETYPE="text/xml" SIZE="7321" CREATED="2022-02-16T10:02:37.009+02:00" CHECKSUM="7a1a5145d1f54b01537b76e52b19b804" CHECKSUMTYPE="MD5" />
        </digiprovMD>
    </amdSec>

    <fileSec ID="uuid-96f0cff1-8b16-4cac-b340-bed67ba3a5ba">
        <fileGrp USE="representation_1" ID="uuid-668cae9f-8f5d-42c4-b470-1ec5168e583b">
            <fileGrp USE="metadata" ID="uuid-f8a3a63f-9ede-42eb-b380-506aa0cd5d4f">
                <fileGrp USE="metadata/descriptive" ID="uuid-d5ec7853-beb1-498e-99b9-f0052b0cadff">
                    <file ID="uuid-15465af7-a269-47ed-9e28-6870357d25b7" MIMETYPE="application/xml" SIZE="790" CREATED="2022-02-16T10:02:37.009+02:00" CHECKSUM="e45622b2b8536d312203e1cb7d5548c7" CHECKSUMTYPE="MD5">
                        <FLocat LOCTYPE="URL" xlink:type="simple" xlink:href="./metadata/descriptive/dc_1.xml" />
                    </file>
                </fileGrp>
                <fileGrp USE="metadata/preservation" ID="uuid-341e759f-48f7-4eb5-8732-8ad908e9f8fc">
                    <file ID="uuid-3c9b17af-41c8-45b2-88c2-b489c4744334" MIMETYPE="application/xml" SIZE="7321" CREATED="2022-02-16T10:02:37.009+02:00" CHECKSUM="7a1a5145d1f54b01537b76e52b19b804" CHECKSUMTYPE="MD5">
                        <FLocat LOCTYPE="URL" xlink:type="simple" xlink:href="./metadata/preservation/premis.xml" />
                    </file>
                </fileGrp>
            </fileGrp>
            <fileGrp USE="data" ID="uuid-a4fd766d-5c87-4dc3-be46-d47df1664a8c">
                <file ID="uuid-d0527a0a-0dc8-407c-96fa-cbb04f61072b" MIMETYPE="image/jpeg" SIZE="721603" CREATED="2022-01-07T15:41:12.497+01:00" CHECKSUM="b7ae37f6094794e313402b9d064978e8" CHECKSUMTYPE="MD5">
                    <FLocat LOCTYPE="URL" xlink:type="simple" xlink:href="./data/1445.jpeg" />
                </file>
                <file ID="uuid-d9b335c2-e72c-4985-a1e9-973424e2f346" MIMETYPE="image/jpeg" SIZE="738611" CREATED="2022-01-07T15:57:40.273+01:00" CHECKSUM="d4985ba4b67ff067a0e84c53b6d35355" CHECKSUMTYPE="MD5">
                    <FLocat LOCTYPE="URL" xlink:type="simple" xlink:href="./data/1450.jpeg" />
                </file>
            </fileGrp>
        </fileGrp>
    </fileSec>

    <structMap ID="uuid-469b22ec-d98d-4ee7-834d-f109f8f5e798" TYPE="PHYSICAL" LABEL="CSIP">
        <div ID="uuid-8ca1b6f1-c656-44fd-9b3d-3e12fb3697e5" LABEL="">
            <div ID="uuid-10cf478f-2bf6-4208-80fb-193883ebc922" LABEL="metadata">
                <div ID="uuid-9e3d66db-b0a2-4994-a9b1-8e75ccd83e4c" LABEL="descriptive">
                    <fptr FILEID="uuid-15465af7-a269-47ed-9e28-6870357d25b7" />
                </div>
                <div ID="uuid-0a8c2964-087d-421c-8e34-d55c17e9781c" LABEL="preservation">
                    <fptr FILEID="uuid-3c9b17af-41c8-45b2-88c2-b489c4744334" />
                </div>
            </div>
            <div ID="uuid-d4e3b07f-5205-4a93-a1f8-62edfc329021" LABEL="data">
                <fptr FILEID="uuid-d0527a0a-0dc8-407c-96fa-cbb04f61072b" />
                <fptr FILEID="uuid-d9b335c2-e72c-4985-a1e9-973424e2f346" />
            </div>
        </div>
    </structMap>
</mets>