<?xml version='1.0' encoding='UTF-8'?>
<metadata xmlns:dcterms="http://purl.org/dc/terms/" xmlns:xs="http://www.w3.org/2001/XMLSchema/" xmlns:xsi="http://www.w3.org/2001/XMLSchema-instance/">

  <!-- linking id between dc and premis -->
  <dcterms:identifier>uuid-a0a5329c-4ad1-4607-9f6e-ce980d90b992</dcterms:identifier>

  <!-- general title for the resource -->
  <dcterms:title>Felis Catus Flamens sitting on a cat tree</dcterms:title>

  <!-- date unknown -->
  <dcterms:created xsi:type="edtf">XXXX</dcterms:created>

  <!-- multiple keywords about the resource -->
  <dcterms:subject>Cat</dcterms:subject>
  <dcterms:subject>Felis Catus Flamens</dcterms:subject>
  <dcterms:subject>Cat tree</dcterms:subject>

</metadata> 