<?xml version="1.0"?>
<mets xmlns="http://www.loc.gov/METS/" xmlns:csip="https://DILCIS.eu/XML/METS/CSIPExtensionMETS" xmlns:sip="https://DILCIS.eu/XML/METS/SIPExtensionMETS" xmlns:xsi="http://www.w3.org/2001/XMLSchema-instance" xmlns:xlink="http://www.w3.org/1999/xlink" OBJID="uuid-fae4ef8f-5954-4602-9a1e-0d6eb83f3727" TYPE="Photographs – Digital" PROFILE="https://earksip.dilcis.eu/profile/E-ARK-SIP.xml" csip:CONTENTINFORMATIONTYPE="">

    <metsHdr CREATEDATE="2022-02-16T10:01:15.014+02:00" csip:OAISPACKAGETYPE="SIP">
        <!-- information about the software -->
        <agent ROLE="CREATOR" TYPE="OTHER" OTHERTYPE="SOFTWARE">
            <name>meemoo SIP creator</name>
            <note csip:NOTETYPE="SOFTWARE VERSION">0.1.</note>
        </agent>
        <!-- information about the archival creator-->
        <agent ROLE="ARCHIVIST" TYPE="ORGANIZATION">
            <name>Flemish Cat Museum</name>
            <note csip:NOTETYPE="IDENTIFICATIONCODE">OR-m30wc4t</note>
        </agent>
        <!-- information about the submitting organisation -->
        <agent ROLE="CREATOR" TYPE="ORGANIZATION">
            <name>Flemish Cat Museum</name>
            <note csip:NOTETYPE="IDENTIFICATIONCODE">OR-m30wc4t</note>
        </agent>
    </metsHdr>

    <!-- ref to descriptive metadata about main IE -->
    <dmdSec ID="uuid-786829da-2ad8-4d77-8cf7-157f63227e6b">
        <mdRef ID="uuid-88191f66-f7ae-42c7-9427-8af2a8e7557f" LOCTYPE="URL" MDTYPE="DC" xlink:type="simple" xlink:href="./metadata/descriptive/dc_1.xml" MIMETYPE="text/xml" SIZE="663" CREATED="2022-02-16T10:01:15.014+02:00" CHECKSUM="cd17cbb2153946c8462e10b337e0e9c1" CHECKSUMTYPE="MD5" />
    </dmdSec>

    <!-- ref to descriptive metadata about IE1 -->
    <dmdSec ID="uuid-786829da-2ad8-4d77-8cf7-157f63227e6b">
        <mdRef ID="uuid-dcbb5eec-7cd0-4647-8258-5fad9b08f7c8" LOCTYPE="URL" MDTYPE="DC" xlink:type="simple" xlink:href="./metadata/descriptive/dc_2.xml" MIMETYPE="text/xml" SIZE="738" CREATED="2022-02-16T10:01:15.014+02:00" CHECKSUM="fbab574560f2d548fd84c6c1fd1cb7f2" CHECKSUMTYPE="MD5" />
    </dmdSec>

    <!-- ref to descriptive metadata about IE2 -->
    <dmdSec ID="uuid-786829da-2ad8-4d77-8cf7-157f63227e6b">
        <mdRef ID="uuid-6461efa1-311d-4aec-8188-da666464838d" LOCTYPE="URL" MDTYPE="DC" xlink:type="simple" xlink:href="./metadata/descriptive/dc_3.xml" MIMETYPE="text/xml" SIZE="748" CREATED="2022-02-16T10:01:15.014+02:00" CHECKSUM="9d55815152e83db76a32f74990d79cd3" CHECKSUMTYPE="MD5" />
    </dmdSec>

    <!-- ref to the PREMIS metadata about IE(s)/package -->
    <amdSec ID="b9143f83-2567-4122-a55c-87389e6263ec">
        <digiprovMD ID="uuid-3f8709ad-2c02-48a2-9fb4-871df03cb929">
            <mdRef ID="uuid-bf966b2c-c1a2-4c75-aae6-18877d2f58cc" LOCTYPE="URL" MDTYPE="PREMIS" xlink:type="simple" xlink:href="./metadata/preservation/premis.xml" MIMETYPE="text/xml" SIZE="6295" CREATED="2022-02-16T10:01:15.014+02:00" CHECKSUM="01de8b0a874407472a183aeece47505d" CHECKSUMTYPE="MD5" />
        </digiprovMD>
    </amdSec>

    <!-- file section -->
    <fileSec ID="uuid-0c53fd9b-f640-4def-a872-2e4622f691d9">
        <fileGrp USE="root" ID="uuid-6c78980c-bdfc-4e2e-b19a-579e5b285055">
            <fileGrp USE="metadata" ID="uuid-bd087c44-ee3f-48e9-9031-9190a60c8e13">
                <fileGrp USE="metadata/descriptive" ID="uuid-5194aca6-97b6-448c-b385-b892bc0c362c">
                    <file ID="uuid-c6a678a7-b4b0-45af-a7d4-33123d9f0911" MIMETYPE="text/xml" SIZE="663" CREATED="2022-02-16T10:01:15.014+02:00" CHECKSUM="cd17cbb2153946c8462e10b337e0e9c1" CHECKSUMTYPE="MD5">
                        <FLocat LOCTYPE="URL" xlink:type="simple" xlink:href="./metadata/descriptive/dc_1.xml" />
                    </file>
                    <file ID="uuid-7a3443ed-9925-414b-819f-fc4830475e22" MIMETYPE="text/xml" SIZE="738" CREATED="2022-02-16T10:01:15.014+02:00" CHECKSUM="fbab574560f2d548fd84c6c1fd1cb7f2" CHECKSUMTYPE="MD5">
                        <FLocat LOCTYPE="URL" xlink:type="simple" xlink:href="./metadata/descriptive/dc_2.xml" />
                    </file>
                    <file ID="uuid-dff9e2ad-ab58-490a-9d80-df6c812404d2" MIMETYPE="text/xml" SIZE="748" CREATED="2022-02-16T10:01:15.014+02:00" CHECKSUM="fbab574560f2d548fd84c6c1fd1cb7f2" CHECKSUMTYPE="MD5">
                        <FLocat LOCTYPE="URL" xlink:type="simple" xlink:href="./metadata/descriptive/dc_3.xml" />
                    </file>
                </fileGrp>
                <fileGrp USE="metadata/preservation" ID="uuid-caea98b8-ae09-412d-8f25-dd50ba6a30cd">
                    <file ID="uuid-4ac13924-fe19-4711-b51f-6b5acc692ec0" MIMETYPE="text/xml" SIZE="6291" CREATED="2022-02-16T10:01:15.014+02:00" CHECKSUM="c50c40b09a5f04ecf441f136c1c6581e" CHECKSUMTYPE="MD5">
                        <FLocat LOCTYPE="URL" xlink:type="simple" xlink:href="./metadata/preservation/premis.xml" />
                    </file>
                </fileGrp>
            </fileGrp>
            <fileGrp USE="representations" ID="uuid-779319d9-cc1f-41b3-a49e-28d169e0d066">
                <fileGrp USE="representations/representation_1" ID="uuid-700c97da-3164-4863-9e58-d6d62156052e">
                    <file ID="uuid-0fe40ffc-b5f3-465e-af3a-d266d94453b7" MIMETYPE="text/xml" SIZE="4239" CREATED="2022-02-16T10:01:15.014+02:00" CHECKSUM="6ca64d8d1acfadc1cfb977d5c92d320e" CHECKSUMTYPE="MD5">
                        <FLocat LOCTYPE="URL" xlink:type="simple" xlink:href="./representations/representation_1/mets.xml" />
                    </file>
                </fileGrp>
                <fileGrp USE="representations/representation_2" ID="uuid-c0fed1c6-96c8-4f15-9e82-abc7be2e981c">
                    <file ID="uuid-625629a4-e5f8-4087-9114-66e4a943bf50" MIMETYPE="text/xml" SIZE="3840" CREATED="2022-02-16T10:01:15.014+02:00" CHECKSUM="77479303fb5468d482188f4fa91601f4" CHECKSUMTYPE="MD5">
                        <FLocat LOCTYPE="URL" xlink:type="simple" xlink:href="./representations/representation_2/mets.xml" />
                    </file>
                </fileGrp>
            </fileGrp>
        </fileGrp>
    </fileSec>

    <!-- structural map -->
    <structMap ID="uuid-1ce2cef4-cb9a-4649-8983-c916870cf2b4" TYPE="PHYSICAL" LABEL="CSIP">
        <div ID="uuid-33cd69c8-b297-40e1-9491-1b5db58890bd" LABEL="">
            <div ID="uuid-c0a73bbc-d6f3-42a0-b5e1-f53a4601101b" LABEL="metadata">
                <div ID="uuid-9aae35c0-9d17-43c7-824a-4722ef3039cd" LABEL="descriptive">
                    <fptr FILEID="uuid-c6a678a7-b4b0-45af-a7d4-33123d9f0911" />
                    <fptr FILEID="uuid-7a3443ed-9925-414b-819f-fc4830475e22" />
                    <fptr FILEID="uuid-dff9e2ad-ab58-490a-9d80-df6c812404d2" />
                </div>
                <div ID="uuid-ee9ce21e-8264-45cc-b877-7e266647a335" LABEL="preservation">
                    <fptr FILEID="uuid-4ac13924-fe19-4711-b51f-6b5acc692ec0" />
                </div>
            </div>
            <div ID="uuid-17ff6cea-cd84-46ad-b9a8-250809f9e2c7" LABEL="representations">
                <div ID="uuid-c5cab13b-aced-4024-bbc3-d38c682602d2" LABEL="representation_1">
                    <mptr xlink:type="simple" xlink:href="./representations/representation_1/mets.xml" LOCTYPE="URL" />
                </div>
                <div ID="uuid-daeba358-46ee-4363-b2a2-bd745c128f6f" LABEL="representation_2">
                    <mptr xlink:type="simple" xlink:href="./representations/representation_2/mets.xml" LOCTYPE="URL" />
                </div>
            </div>
        </div>
    </structMap>
</mets>