<?xml version='1.0' encoding='UTF-8'?>
<metadata xmlns="https://data.hetarchief.be/id/sip/1.2/film"
  xmlns:dcterms="http://purl.org/dc/terms/" xmlns:xs="http://www.w3.org/2001/XMLSchema/"
  xmlns:xsi="http://www.w3.org/2001/XMLSchema-instance"
  xmlns:edtf="http://id.loc.gov/datatypes/edtf/" xmlns:schema="https://schema.org/">

  <!-- general title for the resource -->
  <dcterms:title xml:lang="nl">Guernsey 1971</dcterms:title>

  <!-- general description for the resource -->
  <dcterms:description xml:lang="nl">Reis naar Guernsey in 1971. De kust van Guernsey. Vrouw zit op een bankje op de dijk. Het strand. De industrie. Victor Hugo monument. Bezoek aan de zoo en \"The Jersey Pottery\". Boottocht en bezoek aan kleiner eilandje(s). Bezoek aan The Hermitage. Uitzicht op de zee. Kabelbaan omhoog. Bezoek aan \"Olde tyme music hall\". Busritten naar verschillende pittoreske plaatsen. Vliegtuigrit terug naar huis.\n[DG]</dcterms:description>

  <!-- linking id between dc and premis -->
  <dcterms:identifier>uuid-b1c5fa36-6bb6-460b-836b-ade5541fe89e</dcterms:identifier>

  <!-- creationdate -->
  <dcterms:created xsi:type="edtf:EDTF-level1">1971-XX-XX</dcterms:created>

  <!-- keywords for the resource -->
  <dcterms:subject xml:lang="en">amateur recording</dcterms:subject>
  <dcterms:subject xml:lang="en">Silent Movie</dcterms:subject>
  <dcterms:subject xml:lang="en">Belgium</dcterms:subject>

  <!-- archiefvormer role -->
  <schema:creator schema:roleName="archiefvormer">
    <schema:name>Robbe privéarchief</schema:name>
  </schema:creator>

  <!-- rightsholder -->
  <dcterms:rightsHolder>© felixarchief</dcterms:rightsHolder>

  <!-- IE type -->
  <dcterms:format>film</dcterms:format>

  <!-- VIAA licenses for the resource -->
  <dcterms:license>VIAA-ONDERWIJS</dcterms:license>
  <dcterms:license>VIAA-ONDERZOEK</dcterms:license>
  <dcterms:license>VIAA-INTRA-CP-CONTENT</dcterms:license>
  <dcterms:license>VIAA-INTRA_CP-METADATA-ALL</dcterms:license>
  <dcterms:license>VIAA-PUBLIEK-METADATA-LTD</dcterms:license>
  <dcterms:license>BEZOEKERTOOL-CONTENT</dcterms:license>
  <dcterms:license>BEZOEKERTOOL-METADATA-ALL</dcterms:license>

</metadata>