<?xml version="1.0" encoding="UTF-8"?>
<premis:premis version="3.0" xmlns:xsi="http://www.w3.org/2001/XMLSchema-instance" xmlns:premis="http://www.loc.gov/premis/v3">

  <premis:object>
    <premis:objectCategory>representation</premis:objectCategory>

    <premis:objectIdentifier>
      <premis:objectIdentifierType>UUID</premis:objectIdentifierType>
      <premis:objectIdentifierValue>uuid-4e475706-2752-4f77-9069-1f71c0e22572</premis:objectIdentifierValue>
    </premis:objectIdentifier>

    <!-- relationship between representation and its files -->
    <premis:relationship>
      <premis:relationshipType authority="relationshipType" authorityURI="http://id.loc.gov/vocabulary/preservation/relationshipType" valueURI="http://id.loc.gov/vocabulary/preservation/relationshipType/str">structural</premis:relationshipType>
      <premis:relationshipSubType authority="relationshipSubType" authorityURI="http://id.loc.gov/vocabulary/preservation/relationshipSubType" valueURI="http://id.loc.gov/vocabulary/preservation/relationshipSubType/inc">includes</premis:relationshipSubType>
      <premis:relatedObjectIdentifier>
        <premis:relatedObjectIdentifierType>UUID</premis:relatedObjectIdentifierType>
        <premis:relatedObjectIdentifierValue>uuid-945a16cd-eeb6-4a4c-95bb-4656a9f0909d</premis:relatedObjectIdentifierValue>
      </premis:relatedObjectIdentifier>
    </premis:relationship>

    <!-- relationship between representation and its IE/subIE -->
    <premis:relationship>
      <premis:relationshipType authority="relationshipType" authorityURI="http://id.loc.gov/vocabulary/preservation/relationshipType" valueURI="http://id.loc.gov/vocabulary/preservation/relationshipType/str">structural</premis:relationshipType>
      <premis:relationshipSubType authority="relationshipSubType" authorityURI="http://id.loc.gov/vocabulary/preservation/relationshipSubType" valueURI="http://id.loc.gov/vocabulary/preservation/relationshipSubType/rep">represents</premis:relationshipSubType>
      <premis:relatedObjectIdentifier>
        <premis:relatedObjectIdentifierType>UUID</premis:relatedObjectIdentifierType>
        <premis:relatedObjectIdentifierValue>uuid-a0a5329c-4ad1-4607-9f6e-ce980d90b992</premis:relatedObjectIdentifierValue>
      </premis:relatedObjectIdentifier>
    </premis:relationship>
  </premis:object>

  <premis:object>
    <premis:objectCategory>file</premis:objectCategory>

    <premis:originalName>D523F963.jpg</premis:originalName>

    <premis:objectIdentifier>
      <premis:objectIdentifierType>UUID</premis:objectIdentifierType>
      <premis:objectIdentifierValue>uuid-945a16cd-eeb6-4a4c-95bb-4656a9f0909d</premis:objectIdentifierValue>
    </premis:objectIdentifier>

    <premis:objectCharacteristics>
      <premis:fixity>
        <premis:messageDigestAlgorithm authority="cryptographicHashFunctions" authorityURI="http://id.loc.gov/vocabulary/preservation/cryptographicHashFunctions" valueURI="http://id.loc.gov/vocabulary/preservation/cryptographicHashFunctions/md5">
                MD5
        </premis:messageDigestAlgorithm>
        <premis:messageDigest>18513a8d61c6f2cbaaeeedd754b01d6b</premis:messageDigest>
      </premis:fixity>
    </premis:objectCharacteristics>

    <!-- relationship between file and its representation -->
    <premis:relationship>
      <premis:relationshipType authority="relationshipType" authorityURI="http://id.loc.gov/vocabulary/preservation/relationshipType" valueURI="http://id.loc.gov/vocabulary/preservation/relationshipType/str">structural</premis:relationshipType>
      <premis:relationshipSubType authority="relationshipSubType" authorityURI="http://id.loc.gov/vocabulary/preservation/relationshipSubType" valueURI="http://id.loc.gov/vocabulary/preservation/relationshipSubType/isi">is included in</premis:relationshipSubType>
      <premis:relatedObjectIdentifier>
        <premis:relatedObjectIdentifierType>UUID</premis:relatedObjectIdentifierType>
        <premis:relatedObjectIdentifierValue>uuid-4e475706-2752-4f77-9069-1f71c0e22572</premis:relatedObjectIdentifierValue>
      </premis:relatedObjectIdentifier>
    </premis:relationship>

  </premis:object>

</premis:premis>
 