<?xml version="1.0" encoding="UTF-8"?>
<premis:premis version="3.0" xmlns:xsi="http://www.w3.org/2001/XMLSchema-instance" xmlns:premis="http://www.loc.gov/premis/v3" xsi:schemaLocation="http://www.loc.gov/premis/v3 https://www.loc.gov/standards/premis/premis.xsd">

  <!-- IE for the newspaper edition -->
  <premis:object xsi:type="premis:intellectualEntity">

    <premis:objectIdentifier>
      <premis:objectIdentifierType>UUID</premis:objectIdentifierType>
      <premis:objectIdentifierValue>uuid-e6a138e5-a0fc-41d3-a912-9491a3502f57</premis:objectIdentifierValue>
    </premis:objectIdentifier>

    <!-- relationship with representation 1: TIFFs -->
    <premis:relationship>
      <premis:relationshipType authority="relationshipType" authorityURI="http://id.loc.gov/vocabulary/preservation/relationshipType" valueURI="http://id.loc.gov/vocabulary/preservation/relationshipType/str">structural</premis:relationshipType>
      <premis:relationshipSubType authority="relationshipSubType" authorityURI="http://id.loc.gov/vocabulary/preservation/relationshipSubType" valueURI="http://id.loc.gov/vocabulary/preservation/relationshipSubType/isr">is represented by</premis:relationshipSubType>
      <premis:relatedObjectIdentifier>
        <premis:relatedObjectIdentifierType>UUID</premis:relatedObjectIdentifierType>
        <premis:relatedObjectIdentifierValue>uuid-d8fd6dde-53a5-4614-823c-32f64588efe6</premis:relatedObjectIdentifierValue>
      </premis:relatedObjectIdentifier>
    </premis:relationship>

    <!-- relationship with representation 2: ALTO XMLs -->
    <premis:relationship>
      <premis:relationshipType authority="relationshipType" authorityURI="http://id.loc.gov/vocabulary/preservation/relationshipType" valueURI="http://id.loc.gov/vocabulary/preservation/relationshipType/str">structural</premis:relationshipType>
      <premis:relationshipSubType authority="relationshipSubType" authorityURI="http://id.loc.gov/vocabulary/preservation/relationshipSubType" valueURI="http://id.loc.gov/vocabulary/preservation/relationshipSubType/isr">is represented by</premis:relationshipSubType>
      <premis:relatedObjectIdentifier>
        <premis:relatedObjectIdentifierType>UUID</premis:relatedObjectIdentifierType>
        <premis:relatedObjectIdentifierValue>uuid-1fca6190-a4bd-4773-8529-272b9e7d536a</premis:relatedObjectIdentifierValue>
      </premis:relatedObjectIdentifier>
    </premis:relationship>

    <!-- relationship with representation 3: PDF -->
    <premis:relationship>
      <premis:relationshipType authority="relationshipType" authorityURI="http://id.loc.gov/vocabulary/preservation/relationshipType" valueURI="http://id.loc.gov/vocabulary/preservation/relationshipType/str">structural</premis:relationshipType>
      <premis:relationshipSubType authority="relationshipSubType" authorityURI="http://id.loc.gov/vocabulary/preservation/relationshipSubType" valueURI="http://id.loc.gov/vocabulary/preservation/relationshipSubType/isr">is represented by</premis:relationshipSubType>
      <premis:relatedObjectIdentifier>
        <premis:relatedObjectIdentifierType>UUID</premis:relatedObjectIdentifierType>
        <premis:relatedObjectIdentifierValue>uuid-3d371b39-90af-4655-91e9-d93c55f25da1</premis:relatedObjectIdentifierValue>
      </premis:relatedObjectIdentifier>
    </premis:relationship>

  </premis:object>

  <!-- Transcription event for generating ALTO XML from TIFF via OCR -->
  <premis:event>
    <premis:eventIdentifier>
      <premis:eventIdentifierType>UUID</premis:eventIdentifierType>
      <premis:eventIdentifierValue>uuid-34ae79f8-a8e7-4768-a269-4d6d895662d6</premis:eventIdentifierValue>
    </premis:eventIdentifier>
    <premis:eventType>transcription</premis:eventType>
    <premis:eventDateTime>2022-02-16T10:01:15.014+02:00</premis:eventDateTime>
    <premis:eventDetailInformation>
      <premis:eventDetail>Generate ALTO XML from TIFF via OCR</premis:eventDetail>
    </premis:eventDetailInformation>
    <premis:linkingObjectIdentifier>
      <premis:linkingObjectIdentifierType>UUID</premis:linkingObjectIdentifierType>
      <premis:linkingObjectIdentifierValue>uuid-d8fd6dde-53a5-4614-823c-32f64588efe6</premis:linkingObjectIdentifierValue>
      <premis:linkingObjectRole>source</premis:linkingObjectRole>
    </premis:linkingObjectIdentifier>
    <premis:linkingObjectIdentifier>
      <premis:linkingObjectIdentifierType>UUID</premis:linkingObjectIdentifierType>
      <premis:linkingObjectIdentifierValue>uuid-1fca6190-a4bd-4773-8529-272b9e7d536a</premis:linkingObjectIdentifierValue>
      <premis:linkingObjectRole>outcome</premis:linkingObjectRole>
    </premis:linkingObjectIdentifier>
  </premis:event>

  <!-- event for generating PDF from ALTO XML and TIFF -->
  <premis:event>
    <premis:eventIdentifier>
      <premis:eventIdentifierType>UUID</premis:eventIdentifierType>
      <premis:eventIdentifierValue>uuid-16a5c827-e513-4ec5-ad75-f75c7b9bde1f</premis:eventIdentifierValue>
    </premis:eventIdentifier>
    <premis:eventType>creation</premis:eventType>
    <premis:eventDateTime>2022-02-16T10:01:15.014+02:00</premis:eventDateTime>
    <premis:eventDetailInformation>
      <premis:eventDetail>Generate PDF from ALTO XML and TIFF</premis:eventDetail>
    </premis:eventDetailInformation>
    <premis:linkingObjectIdentifier>
      <premis:linkingObjectIdentifierType>UUID</premis:linkingObjectIdentifierType>
      <premis:linkingObjectIdentifierValue>uuid-d8fd6dde-53a5-4614-823c-32f64588efe6</premis:linkingObjectIdentifierValue>
      <premis:linkingObjectRole>source</premis:linkingObjectRole>
    </premis:linkingObjectIdentifier>
    <premis:linkingObjectIdentifier>
      <premis:linkingObjectIdentifierType>UUID</premis:linkingObjectIdentifierType>
      <premis:linkingObjectIdentifierValue>uuid-1fca6190-a4bd-4773-8529-272b9e7d536a</premis:linkingObjectIdentifierValue>
      <premis:linkingObjectRole>source</premis:linkingObjectRole>
    </premis:linkingObjectIdentifier>
    <premis:linkingObjectIdentifier>
      <premis:linkingObjectIdentifierType>UUID</premis:linkingObjectIdentifierType>
      <premis:linkingObjectIdentifierValue>uuid-3d371b39-90af-4655-91e9-d93c55f25da1</premis:linkingObjectIdentifierValue>
      <premis:linkingObjectRole>outcome</premis:linkingObjectRole>
    </premis:linkingObjectIdentifier>
  </premis:event>

</premis:premis>
 