<?xml version="1.0" encoding="UTF-8"?>
<premis:premis version="3.0" xmlns:xsi="http://www.w3.org/2001/XMLSchema-instance" xmlns:schema="http://schema.org/" xmlns:premis="http://www.loc.gov/premis/v3" xsi:schemaLocation="http://www.loc.gov/premis/v3 https://www.loc.gov/standards/premis/premis.xsd">

    <!-- IE about the artwork -->
    <premis:object xsi:type="premis:intellectualEntity">
        <premis:objectIdentifier>
            <premis:objectIdentifierType>VIAA PID</premis:objectIdentifierType>
            <premis:objectIdentifierValue>7m03z1634f</premis:objectIdentifierValue>
        </premis:objectIdentifier>

        <premis:objectIdentifier>
            <premis:objectIdentifierType>Topstuk_ID</premis:objectIdentifierType>
            <premis:objectIdentifierValue>213</premis:objectIdentifierValue>
        </premis:objectIdentifier>

        <premis:objectIdentifier>
            <premis:objectIdentifierType>Inventarisnummer</premis:objectIdentifierType>
            <premis:objectIdentifierValue>IB00.008</premis:objectIdentifierValue>
        </premis:objectIdentifier>

        <!-- relationship between IE and its representations -->
        <premis:relationship>
            <premis:relationshipType authority="relationshipType" authorityURI="http://id.loc.gov/vocabulary/preservation/relationshipType" valueURI="http://id.loc.gov/vocabulary/preservation/relationshipType/str">structural</premis:relationshipType>
            <premis:relationshipSubType authority="relationshipSubType" authorityURI="http://id.loc.gov/vocabulary/preservation/relationshipSubType" valueURI="http://id.loc.gov/vocabulary/preservation/relationshipSubType/isr">is represented by</premis:relationshipSubType>
            <premis:relatedObjectIdentifier>
                <premis:relatedObjectIdentifierType>UUID</premis:relatedObjectIdentifierType>
                <premis:relatedObjectIdentifierValue>uuid-187DA428-6BA1-4EB7-B786-CD4AF85A02B1</premis:relatedObjectIdentifierValue>
            </premis:relatedObjectIdentifier>
            <premis:relatedObjectIdentifier>
                <premis:relatedObjectIdentifierType>UUID</premis:relatedObjectIdentifierType>
                <premis:relatedObjectIdentifierValue>uuid-8DA0F75B-1031-4F20-B26C-184B919B1A43</premis:relatedObjectIdentifierValue>
            </premis:relatedObjectIdentifier>
            <premis:relatedObjectIdentifier>
                <premis:relatedObjectIdentifierType>UUID</premis:relatedObjectIdentifierType>
                <premis:relatedObjectIdentifierValue>uuid-51F2C0F1-CA06-4B59-9605-54F7C91BA53F</premis:relatedObjectIdentifierValue>
            </premis:relatedObjectIdentifier>
            <premis:relatedObjectIdentifier>
                <premis:relatedObjectIdentifierType>UUID</premis:relatedObjectIdentifierType>
                <premis:relatedObjectIdentifierValue>uuid-4e475706-2752-4f77-9069-1f71c0e22572</premis:relatedObjectIdentifierValue>
            </premis:relatedObjectIdentifier>
            <premis:relatedObjectIdentifier>
                <premis:relatedObjectIdentifierType>UUID</premis:relatedObjectIdentifierType>
                <premis:relatedObjectIdentifierValue>uuid-ddcf9e36-35ae-11ed-b866-7e92631d7d27</premis:relatedObjectIdentifierValue>
            </premis:relatedObjectIdentifier>
        </premis:relationship>

    </premis:object>

    <!-- Digitization event -->

    <premis:event>
        <premis:eventIdentifier>
            <premis:eventIdentifierType>UUID</premis:eventIdentifierType>
            <premis:eventIdentifierValue>uuid-187DA428-6BA1-4EB7-B786-CD4AF85A02B1</premis:eventIdentifierValue>
        </premis:eventIdentifier>
        <premis:eventType>digitization</premis:eventType>
        <premis:eventDateTime>2022-06-15T00:00:00Z</premis:eventDateTime>

        <premis:eventOutcomeInformation>
            <premis:eventOutcome>success</premis:eventOutcome>
        </premis:eventOutcomeInformation>

        <premis:linkingAgentIdentifier>
            <premis:linkingAgentIdentifierType>VIAA SP Agent ID</premis:linkingAgentIdentifierType>
            <premis:linkingAgentIdentifierValue>OR-xg9fb0b</premis:linkingAgentIdentifierValue>
            <premis:linkingAgentRole valueURI="http://id.loc.gov/vocabulary/preservation/eventRelatedAgentRole/imp">implementer</premis:linkingAgentRole>
        </premis:linkingAgentIdentifier>

        <premis:linkingObjectIdentifier>
            <premis:linkingObjectIdentifierType>UUID</premis:linkingObjectIdentifierType>
            <premis:linkingObjectIdentifierValue>uuid-187DA428-6BA1-4EB7-B786-CD4AF85A02B1</premis:linkingObjectIdentifierValue>
            <premis:linkingObjectRole valueURI="http://id.loc.gov/vocabulary/preservation/eventRelatedObjectRole/out">outcome</premis:linkingObjectRole>
        </premis:linkingObjectIdentifier>
        <premis:linkingObjectIdentifier>
            <premis:linkingObjectIdentifierType>UUID</premis:linkingObjectIdentifierType>
            <premis:linkingObjectIdentifierValue>uuid-51F2C0F1-CA06-4B59-9605-54F7C91BA53F</premis:linkingObjectIdentifierValue>
            <premis:linkingObjectRole valueURI="http://id.loc.gov/vocabulary/preservation/eventRelatedObjectRole/out">outcome</premis:linkingObjectRole>
        </premis:linkingObjectIdentifier>
        <premis:linkingObjectIdentifier>
            <premis:linkingObjectIdentifierType>UUID</premis:linkingObjectIdentifierType>
            <premis:linkingObjectIdentifierValue>uuid-187DA428-6BA1-4EB7-B786-CD4AF85A02B1</premis:linkingObjectIdentifierValue>
            <premis:linkingObjectRole valueURI="http://id.loc.gov/vocabulary/preservation/eventRelatedObjectRole/out">outcome</premis:linkingObjectRole>
        </premis:linkingObjectIdentifier>
        <premis:linkingObjectIdentifier>
            <premis:linkingObjectIdentifierType>UUID</premis:linkingObjectIdentifierType>
            <premis:linkingObjectIdentifierValue>uuid-4e475706-2752-4f77-9069-1f71c0e22572</premis:linkingObjectIdentifierValue>
            <premis:linkingObjectRole valueURI="http://id.loc.gov/vocabulary/preservation/eventRelatedObjectRole/out">outcome</premis:linkingObjectRole>
        </premis:linkingObjectIdentifier>
        <premis:linkingObjectIdentifier>
            <premis:linkingObjectIdentifierType>UUID</premis:linkingObjectIdentifierType>
            <premis:linkingObjectIdentifierValue>uuid-ddcf9e36-35ae-11ed-b866-7e92631d7d27</premis:linkingObjectIdentifierValue>
            <premis:linkingObjectRole valueURI="http://id.loc.gov/vocabulary/preservation/eventRelatedObjectRole/out">outcome</premis:linkingObjectRole>
        </premis:linkingObjectIdentifier>

    </premis:event>

    <premis:agent>
        <premis:agentIdentifier>
            <premis:agentIdentifierType>VIAA SP Agent ID</premis:agentIdentifierType>
            <premis:agentIdentifierValue>OR-xg9fb0b</premis:agentIdentifierValue>
        </premis:agentIdentifier>
        <premis:agentName>Cedric Verhelst</premis:agentName>
        <premis:agentType>person</premis:agentType>
        <premis:agentExtension>
            <schema:affiliation>Cedric Verhelst bv</schema:affiliation>
        </premis:agentExtension>
    </premis:agent>

</premis:premis>