<?xml version='1.0' encoding='UTF-8'?>
<metadata xmlns:dcterms="http://purl.org/dc/terms/" xmlns:xs="http://www.w3.org/2001/XMLSchema/" xmlns:xsi="http://www.w3.org/2001/XMLSchema-instance/">


  <!-- general title for the resource -->
  <dcterms:title>Felis Catus Flamens</dcterms:title>

  <!-- linking id between dc and premis -->
  <dcterms:identifier>uuid-b21a86aa-97a3-4f7b-a9f5-4d330af641c0</dcterms:identifier>

  <!-- date unknown -->
  <dcterms:created xsi:type="edtf">XXXX</dcterms:created>

  <!-- multiple keywords about the resource -->
  <dcterms:subject>Cat</dcterms:subject>
  <dcterms:subject>Felis Catus Flamens</dcterms:subject>


</metadata> 