<?xml version='1.0' encoding='UTF-8'?>
<metadata xmlns:dcterms="http://purl.org/dc/terms/" xmlns:xs="http://www.w3.org/2001/XMLSchema/" xmlns:xsi="http://www.w3.org/2001/XMLSchema-instance/">

    <!-- general title for the resource -->
    <dcterms:title>Felis Catus Flamens sitting on a cat tree</dcterms:title>

    <!-- linking id between dc and premis -->
    <dcterms:identifier>uuid-01d59d41-f523-4d06-a549-4bf6f7cef853</dcterms:identifier>

    <!-- date unknown -->
    <dcterms:created xsi:type="edtf">XXXX</dcterms:created>

    <!-- multiple keywords about the resource -->
    <dcterms:subject>Cat</dcterms:subject>
    <dcterms:subject>Felis Catus Flamens</dcterms:subject>
    <dcterms:subject>Cat tree</dcterms:subject>

</metadata>