<?xml version='1.0' encoding='UTF-8'?>
<mods:mods xmlns:mods="http://www.loc.gov/mods/v3" version="3.7" xmlns:xs="http://www.w3.org/2001/XMLSchema/" xmlns:xsi="http://www.w3.org/2001/XMLSchema-instance/" xsi:schemaLocation="http://www.loc.gov/mods/v3 http://www.loc.gov/standards/mods/v3/mods-3-7.xsd">

  <mods:titleInfo>
    <mods:title>Le Chat Blanc</mods:title>
  </mods:titleInfo>
  <mods:titleInfo type="alternative">
    <mods:title>Journal Indépendant: Le Chat Blanc</mods:title>
  </mods:titleInfo>
  <mods:identifier>uuid-e6a138e5-a0fc-41d3-a912-9491a3502f57</mods:identifier>
  <mods:typeOfResource>newspaper edition</mods:typeOfResource>
  <mods:genre authority="marcgt" authorityURI="https://www.loc.gov/standards/valuelist/marcgt.html">newspaper</mods:genre>
  <mods:genre authority="ngl" authorityURI="https://www.lib.washington.edu/gmm/collections/mcnews/ngl">amateur newspapers</mods:genre>
  <mods:originInfo>
    <mods:issuance>serial</mods:issuance>
    <mods:dateIssued xsi:type="edtf:EDTF-level0" encoding="edtf">2022-08-02</mods:dateIssued>
    <mods:place>
      <mods:placeTerm type="text">Ghent, Belgium</mods:placeTerm>
      <mods:placeTerm type="code" authority="iso3166" authorityURI="https://www.iso.org/iso-3166-country-codes.html">BEL</mods:placeTerm>
    </mods:place>
  </mods:originInfo>
  <mods:subject>
    <mods:topic>chat blanc</mods:topic>
    <mods:topic>cats</mods:topic>
  </mods:subject>
  <mods:relatedItem type="series">
    <mods:identifier type="abraham_id" typeURI="https://anet.be">c:bnc:99999</mods:identifier>
    <mods:identifier type="abraham_uri" typeURI="https://anet.be">https://anet.be/record/opacbnc/c:bnc:99999/N</mods:identifier>
  </mods:relatedItem>
  <mods:physicalDescription>
    <mods:form authority="marcform" authorityURI="https://www.loc.gov/standards/valuelist/marcform.html">print</mods:form>
    <mods:extent unit="pages">3</mods:extent>
  </mods:physicalDescription>
  <mods:note type="license">VIAA-PUBLIEK-METADATA-LTD</mods:note>

</mods:mods> 