<?xml version="1.0" encoding="UTF-8"?>
<premis:premis version="3.0" xmlns:premis="http://www.loc.gov/premis/v3" xmlns:xsi="http://www.w3.org/2001/XMLSchema-instance">
    <premis:object>
        <premis:objectCategory>intellectual entity</premis:objectCategory>

        <premis:objectIdentifier>
            <premis:objectIdentifierType>UUID</premis:objectIdentifierType>
            <premis:objectIdentifierValue>uuid-6b80a848-f2d2-44a4-bc55-56f272a8e5b4</premis:objectIdentifierValue>
        </premis:objectIdentifier>

        <premis:relationship>
            <premis:relationshipType authority="relationshipType" authorityURI="http://id.loc.gov/vocabulary/preservation/relationshipType" valueURI="http://id.loc.gov/vocabulary/preservation/relationshipType/str">structural</premis:relationshipType>
            <premis:relationshipSubType authority="relationshipSubType" authorityURI="http://id.loc.gov/vocabulary/preservation/relationshipSubType" valueURI="http://id.loc.gov/vocabulary/preservation/relationshipSubType/isr">is represented by</premis:relationshipSubType>
            <premis:relatedObjectIdentifier>
                <premis:relatedObjectIdentifierType>UUID</premis:relatedObjectIdentifierType>
                <premis:relatedObjectIdentifierValue>uuid-7538d9cf-e449-408f-a3b5-1b784e5c494e</premis:relatedObjectIdentifierValue>
            </premis:relatedObjectIdentifier>
        </premis:relationship>

        <!-- alles mbt. mogelijke IDs -->
        <premis:objectIdentifier>
            <premis:objectIdentifierType>local_id</premis:objectIdentifierType>
            <premis:objectIdentifierValue>VIAA.dc_identifier_localid</premis:objectIdentifierValue>
        </premis:objectIdentifier>
        <premis:objectIdentifier>
            <premis:objectIdentifierType>acquisition_number</premis:objectIdentifierType>
            <premis:objectIdentifierValue>VIAA.dc_identifier_localids.Acquisition_number</premis:objectIdentifierValue>
        </premis:objectIdentifier>
        <premis:objectIdentifier>
            <premis:objectIdentifierType>adlib</premis:objectIdentifierType>
            <premis:objectIdentifierValue>VIAA.dc_identifier_localids.Adlib</premis:objectIdentifierValue>
        </premis:objectIdentifier>
        <premis:objectIdentifier>
            <premis:objectIdentifierType>alternative_number</premis:objectIdentifierType>
            <premis:objectIdentifierValue>VIAA.dc_identifier_localids.Alternative_number</premis:objectIdentifierValue>
        </premis:objectIdentifier>
        <premis:objectIdentifier>
            <premis:objectIdentifierType>analoge_drager</premis:objectIdentifierType>
            <premis:objectIdentifierValue>VIAA.dc_identifier_localids.Analoge_drager</premis:objectIdentifierValue>
        </premis:objectIdentifier>
        <premis:objectIdentifier>
            <premis:objectIdentifierType>api</premis:objectIdentifierType>
            <premis:objectIdentifierValue>VIAA.dc_identifier_localids.api</premis:objectIdentifierValue>
        </premis:objectIdentifier>
        <premis:objectIdentifier>
            <premis:objectIdentifierType>ardome</premis:objectIdentifierType>
            <premis:objectIdentifierValue>VIAA.dc_identifier_localids.Ardome</premis:objectIdentifierValue>
        </premis:objectIdentifier>
        <premis:objectIdentifier>
            <premis:objectIdentifierType>basis</premis:objectIdentifierType>
            <premis:objectIdentifierValue>VIAA.dc_identifier_localids.Basis</premis:objectIdentifierValue>
        </premis:objectIdentifier>
        <premis:objectIdentifier>
            <premis:objectIdentifierType>data_pid</premis:objectIdentifierType>
            <premis:objectIdentifierValue>VIAA.dc_identifier_localids.DataPID</premis:objectIdentifierValue>
        </premis:objectIdentifier>
        <premis:objectIdentifier>
            <premis:objectIdentifierType>historical_record_number</premis:objectIdentifierType>
            <premis:objectIdentifierValue>VIAA.dc_identifier_localids.Historical_record_number</premis:objectIdentifierValue>
        </premis:objectIdentifier>
        <premis:objectIdentifier>
            <premis:objectIdentifierType>media_id</premis:objectIdentifierType>
            <premis:objectIdentifierValue>VIAA.dc_identifier_localids.MEDIA_ID</premis:objectIdentifierValue>
        </premis:objectIdentifier>
        <premis:objectIdentifier>
            <premis:objectIdentifierType>object_number</premis:objectIdentifierType>
            <premis:objectIdentifierValue>VIAA.dc_identifier_localids.Object_number</premis:objectIdentifierValue>
        </premis:objectIdentifier>
        <premis:objectIdentifier>
            <premis:objectIdentifierType>priref</premis:objectIdentifierType>
            <premis:objectIdentifierValue>VIAA.dc_identifier_localids.Priref</premis:objectIdentifierValue>
        </premis:objectIdentifier>
        <premis:objectIdentifier>
            <premis:objectIdentifierType>pdf</premis:objectIdentifierType>
            <premis:objectIdentifierValue>VIAA.dc_identifier_localids.pdf</premis:objectIdentifierValue>
        </premis:objectIdentifier>
        <premis:objectIdentifier>
            <premis:objectIdentifierType>word_id</premis:objectIdentifierType>
            <premis:objectIdentifierValue>VIAA.dc_identifier_localids.Word_ID</premis:objectIdentifierValue>
        </premis:objectIdentifier>
        <premis:objectIdentifier>
            <premis:objectIdentifierType>work_pid</premis:objectIdentifierType>
            <premis:objectIdentifierValue>VIAA.dc_identifier_localids.WorkPID</premis:objectIdentifierValue>
        </premis:objectIdentifier>


    </premis:object>


</premis:premis>