<?xml version="1.0" encoding="UTF-8"?>
<premis:premis version="3.0" xmlns:xsi="http://www.w3.org/2001/XMLSchema-instance" xmlns:premis="http://www.loc.gov/premis/v3">

  <!-- IE about the Felis Catus Flamens -->
  <premis:object>
    <premis:objectCategory>intellectual entity</premis:objectCategory>

    <premis:objectIdentifier>
      <premis:objectIdentifierType>UUID</premis:objectIdentifierType>
      <premis:objectIdentifierValue>uuid-b21a86aa-97a3-4f7b-a9f5-4d330af641c0</premis:objectIdentifierValue>
    </premis:objectIdentifier>

    <!-- relationship between the main IE and the nested IEs -->
    <premis:relationship>
      <premis:relationshipType authority="relationshipType" authorityURI="http://id.loc.gov/vocabulary/preservation/relationshipType" valueURI="http://id.loc.gov/vocabulary/preservation/relationshipType/log">logical</premis:relationshipType>
      <premis:relationshipSubType authority="relationshipSubType" authorityURI="http://id.loc.gov/vocabulary/preservation/relationshipSubType" valueURI="http://id.loc.gov/vocabulary/preservation/relationshipSubType/gen">generalizes</premis:relationshipSubType>
      <premis:relatedObjectIdentifier>
        <premis:relatedObjectIdentifierType>UUID</premis:relatedObjectIdentifierType>
        <premis:relatedObjectIdentifierValue>uuid-948e2213-ca54-459c-8c87-5818adeb9444</premis:relatedObjectIdentifierValue>
      </premis:relatedObjectIdentifier>
      <premis:relatedObjectIdentifier>
        <premis:relatedObjectIdentifierType>UUID</premis:relatedObjectIdentifierType>
        <premis:relatedObjectIdentifierValue>uuid-01d59d41-f523-4d06-a549-4bf6f7cef853</premis:relatedObjectIdentifierValue>
      </premis:relatedObjectIdentifier>
    </premis:relationship>

  </premis:object>

  <!-- nested IE1 about the Felis Catus Flamens lying on the sofa -->
  <premis:object>
    <premis:objectCategory>intellectual entity</premis:objectCategory>

    <premis:objectIdentifier>
      <premis:objectIdentifierType>UUID</premis:objectIdentifierType>
      <premis:objectIdentifierValue>uuid-948e2213-ca54-459c-8c87-5818adeb9444</premis:objectIdentifierValue>
    </premis:objectIdentifier>

    <!-- relationship between nested IE1 and the main IE -->
    <premis:relationship>
      <premis:relationshipType authority="relationshipType" authorityURI="http://id.loc.gov/vocabulary/preservation/relationshipType" valueURI="http://id.loc.gov/vocabulary/preservation/relationshipType/log">logical</premis:relationshipType>
      <premis:relationshipSubType authority="relationshipSubType" authorityURI="http://id.loc.gov/vocabulary/preservation/relationshipSubType" valueURI="http://id.loc.gov/vocabulary/preservation/relationshipSubType/spe">specializes</premis:relationshipSubType>
      <premis:relatedObjectIdentifier>
        <premis:relatedObjectIdentifierType>UUID</premis:relatedObjectIdentifierType>
        <premis:relatedObjectIdentifierValue>uuid-b21a86aa-97a3-4f7b-a9f5-4d330af641c0</premis:relatedObjectIdentifierValue>
      </premis:relatedObjectIdentifier>
    </premis:relationship>

    <!-- relationship between nested IE1 and its representation -->
    <premis:relationship>
      <premis:relationshipType authority="relationshipType" authorityURI="http://id.loc.gov/vocabulary/preservation/relationshipType" valueURI="http://id.loc.gov/vocabulary/preservation/relationshipType/str">structural</premis:relationshipType>
      <premis:relationshipSubType authority="relationshipSubType" authorityURI="http://id.loc.gov/vocabulary/preservation/relationshipSubType" valueURI="http://id.loc.gov/vocabulary/preservation/relationshipSubType/isr">is represented by</premis:relationshipSubType>
      <premis:relatedObjectIdentifier>
        <premis:relatedObjectIdentifierType>UUID</premis:relatedObjectIdentifierType>
        <premis:relatedObjectIdentifierValue>uuid-541292c3-223a-4b80-b747-66bc86ff4a89</premis:relatedObjectIdentifierValue>
      </premis:relatedObjectIdentifier>
    </premis:relationship>

  </premis:object>

  <!-- nested IE2 about the Felis Catus Flamens sitting on its cat tree -->
  <premis:object>
    <premis:objectCategory>intellectual entity</premis:objectCategory>

    <premis:objectIdentifier>
      <premis:objectIdentifierType>UUID</premis:objectIdentifierType>
      <premis:objectIdentifierValue>uuid-01d59d41-f523-4d06-a549-4bf6f7cef853</premis:objectIdentifierValue>
    </premis:objectIdentifier>

    <!-- relationship between nested IE2 and the main IE -->
    <premis:relationship>
      <premis:relationshipType authority="relationshipType" authorityURI="http://id.loc.gov/vocabulary/preservation/relationshipType" valueURI="http://id.loc.gov/vocabulary/preservation/relationshipType/log">logical</premis:relationshipType>
      <premis:relationshipSubType authority="relationshipSubType" authorityURI="http://id.loc.gov/vocabulary/preservation/relationshipSubType" valueURI="http://id.loc.gov/vocabulary/preservation/relationshipSubType/spe">specializes</premis:relationshipSubType>
      <premis:relatedObjectIdentifier>
        <premis:relatedObjectIdentifierType>UUID</premis:relatedObjectIdentifierType>
        <premis:relatedObjectIdentifierValue>uuid-b21a86aa-97a3-4f7b-a9f5-4d330af641c0</premis:relatedObjectIdentifierValue>
      </premis:relatedObjectIdentifier>
    </premis:relationship>

    <!-- relationship between nested IE2 and its representation -->
    <premis:relationship>
      <premis:relationshipType authority="relationshipType" authorityURI="http://id.loc.gov/vocabulary/preservation/relationshipType" valueURI="http://id.loc.gov/vocabulary/preservation/relationshipType/str">structural</premis:relationshipType>
      <premis:relationshipSubType authority="relationshipSubType" authorityURI="http://id.loc.gov/vocabulary/preservation/relationshipSubType" valueURI="http://id.loc.gov/vocabulary/preservation/relationshipSubType/isr">is represented by</premis:relationshipSubType>
      <premis:relatedObjectIdentifier>
        <premis:relatedObjectIdentifierType>UUID</premis:relatedObjectIdentifierType>
        <premis:relatedObjectIdentifierValue>uuid-de83045d-3b0f-4161-9f96-40079af0d480</premis:relatedObjectIdentifierValue>
      </premis:relatedObjectIdentifier>
    </premis:relationship>

  </premis:object>

</premis:premis>
 