<?xml version="1.0"?>
<mets xmlns="http://www.loc.gov/METS/" xmlns:csip="https://DILCIS.eu/XML/METS/CSIPExtensionMETS" xmlns:sip="https://DILCIS.eu/XML/METS/SIPExtensionMETS" xmlns:xsi="http://www.w3.org/2001/XMLSchema-instance" xmlns:xlink="http://www.w3.org/1999/xlink" OBJID="uuid-904c6e86-d36a-4630-897b-bb560ce4b690" TYPE="OTHER" csip:OTHERTYPE="Legacy born digital FTP" PROFILE="https://earksip.dilcis.eu/profile/E-ARK-SIP.xml">

    <metsHdr CREATEDATE="2022-04-08T09:29:15.014+02:00" />

    <amdSec>
        <digiprovMD ID="uuid-1e1a1ecb-2f32-477e-b0d7-d5e838091ce4">
            <mdRef LOCTYPE="URL" MDTYPE="PREMIS" xlink:type="simple" xlink:href="./metadata/preservation/premis.xml" MIMETYPE="text/xml" SIZE="3958" CREATED="2022-02-16T10:02:37.009+02:00" CHECKSUM="0e3500af5febb8400a0fa6b78104ed74" CHECKSUMTYPE="MD5" />
        </digiprovMD>
    </amdSec>

    <fileSec ID="uuid-15a33548-2564-4f7b-bb84-0dae9532b15a">
        <fileGrp USE="data" ID="uuid-3a3a659d-e950-4d71-bbfd-ff1787c1b930">
            <file ID="uuid-867b145a-3bfa-4b3b-ac97-4818f7a0e6bc" MIMETYPE="image/jpeg" SIZE="721603" CREATED="2022-01-07T15:41:12.497+01:00" CHECKSUM="b7ae37f6094794e313402b9d064978e8" CHECKSUMTYPE="MD5">
                <FLocat LOCTYPE="URL" xlink:type="simple" xlink:href="./data/1445.jpeg" />
            </file>
        </fileGrp>
    </fileSec>

    <structMap ID="uuid-ea36ae82-36b9-413e-a78b-61bc9eb09c1b" TYPE="PHYSICAL" LABEL="CSIP">
        <div ID="uuid-4366bcec-576b-47bc-b894-fc60e3516717" LABEL="">
            <div ID="uuid-bbd74f78-1616-429f-9d11-9be3e3312275" LABEL="Metadata" 
            ADMID="uuid-1e1a1ecb-2f32-477e-b0d7-d5e838091ce4" 
            DMDID="uuid-0aa98148-8a94-4fc8-b9dd-52fbf677be82" />
            <div ID="uuid-8e5c48cf-9206-42df-9229-6510b4ddf851" LABEL="data">
                <fptr FILEID="uuid-3a3a659d-e950-4d71-bbfd-ff1787c1b930" />
            </div>
        </div>
    </structMap>
</mets>