<?xml version="1.0" encoding="UTF-8"?>
<premis:premis version="3.0" xmlns:xsi="http://www.w3.org/2001/XMLSchema-instance" xmlns:schema="http://schema.org/" xmlns:premis="http://www.loc.gov/premis/v3" xsi:schemaLocation="http://www.loc.gov/premis/v3 https://www.loc.gov/standards/premis/premis.xsd">

    <!-- IE about the artwork -->
    <premis:object xsi:type="premis:intellectualEntity">
        <premis:objectIdentifier>
            <premis:objectIdentifierType>VIAA PID</premis:objectIdentifierType>
            <premis:objectIdentifierValue>qv3bz95m19</premis:objectIdentifierValue>
        </premis:objectIdentifier>

        <premis:objectIdentifier>
            <premis:objectIdentifierType>Topstuk_ID</premis:objectIdentifierType>
            <premis:objectIdentifierValue>213</premis:objectIdentifierValue>
        </premis:objectIdentifier>

        <premis:objectIdentifier>
            <premis:objectIdentifierType>Inventarisnummer</premis:objectIdentifierType>
            <premis:objectIdentifierValue>IB00.008</premis:objectIdentifierValue>
        </premis:objectIdentifier>

        <!-- relationship between nested IE and its representation -->
        <premis:relationship>
            <premis:relationshipType authority="relationshipType" authorityURI="http://id.loc.gov/vocabulary/preservation/relationshipType" valueURI="http://id.loc.gov/vocabulary/preservation/relationshipType/str">structural</premis:relationshipType>
            <premis:relationshipSubType authority="relationshipSubType" authorityURI="http://id.loc.gov/vocabulary/preservation/relationshipSubType" valueURI="http://id.loc.gov/vocabulary/preservation/relationshipSubType/isr">is represented by</premis:relationshipSubType>
            
            <premis:relatedObjectIdentifier>
                <premis:relatedObjectIdentifierType>UUID</premis:relatedObjectIdentifierType>
                <premis:relatedObjectIdentifierValue>uuid-e3aff200-237b-11ed-8d32-7e92631d7d28</premis:relatedObjectIdentifierValue>
            </premis:relatedObjectIdentifier>            
            <premis:relatedObjectIdentifier>
                <premis:relatedObjectIdentifierType>UUID</premis:relatedObjectIdentifierType>
                <premis:relatedObjectIdentifierValue>uuid-7f16cfda-21ff-11ed-a277-7e92631d7d27</premis:relatedObjectIdentifierValue>
            </premis:relatedObjectIdentifier>
            <premis:relatedObjectIdentifier>
                <premis:relatedObjectIdentifierType>UUID</premis:relatedObjectIdentifierType>
                <premis:relatedObjectIdentifierValue>uuid-671f4eb6-21ff-11ed-9e92-7e92631d7d27</premis:relatedObjectIdentifierValue>
            </premis:relatedObjectIdentifier>
            <premis:relatedObjectIdentifier>
                <premis:relatedObjectIdentifierType>UUID</premis:relatedObjectIdentifierType>
                <premis:relatedObjectIdentifierValue>uuid-5c430d70-21ff-11ed-baeb-7e92631d7d27</premis:relatedObjectIdentifierValue>
            </premis:relatedObjectIdentifier>
        </premis:relationship>

    </premis:object>

    <!-- Digitization event -->

    <premis:event>
        <premis:eventIdentifier>
            <premis:eventIdentifierType>UUID</premis:eventIdentifierType>
            <premis:eventIdentifierValue>uuid-7f16cfda-21ff-11ed-a277-7e92631d7d27</premis:eventIdentifierValue>
        </premis:eventIdentifier>
        <premis:eventType>digitization</premis:eventType>
        <premis:eventDateTime>2022-08-29T00:00:00Z</premis:eventDateTime>

        <premis:eventDetailInformation>
            <premis:eventDetail>GIVE</premis:eventDetail>
        </premis:eventDetailInformation>

        <premis:eventOutcomeInformation>
            <premis:eventOutcome>success</premis:eventOutcome>
        </premis:eventOutcomeInformation>

        <premis:linkingAgentIdentifier>
            <premis:linkingAgentIdentifierType>VIAA SP Agent ID</premis:linkingAgentIdentifierType>
            <premis:linkingAgentIdentifierValue>OR-x05xc4w</premis:linkingAgentIdentifierValue>
            <premis:linkingAgentRole valueURI="http://id.loc.gov/vocabulary/preservation/eventRelatedAgentRole/imp">implementer</premis:linkingAgentRole>
        </premis:linkingAgentIdentifier>
        
        <premis:linkingObjectIdentifier>
            <premis:linkingObjectIdentifierType>UUID</premis:linkingObjectIdentifierType>
            <premis:linkingObjectIdentifierValue>uuid-e3aff200-237b-11ed-8d32-7e92631d7d28</premis:linkingObjectIdentifierValue>
            <premis:linkingObjectRole valueURI="http://id.loc.gov/vocabulary/preservation/eventRelatedObjectRole/out">outcome</premis:linkingObjectRole>
        </premis:linkingObjectIdentifier>
        <premis:linkingObjectIdentifier>
            <premis:linkingObjectIdentifierType>UUID</premis:linkingObjectIdentifierType>
            <premis:linkingObjectIdentifierValue>uuid-7f16cfda-21ff-11ed-a277-7e92631d7d27</premis:linkingObjectIdentifierValue>
            <premis:linkingObjectRole valueURI="http://id.loc.gov/vocabulary/preservation/eventRelatedObjectRole/out">outcome</premis:linkingObjectRole>
        </premis:linkingObjectIdentifier>
        <premis:linkingObjectIdentifier>
            <premis:linkingObjectIdentifierType>UUID</premis:linkingObjectIdentifierType>
            <premis:linkingObjectIdentifierValue>uuid-671f4eb6-21ff-11ed-9e92-7e92631d7d27</premis:linkingObjectIdentifierValue>
            <premis:linkingObjectRole valueURI="http://id.loc.gov/vocabulary/preservation/eventRelatedObjectRole/out">outcome</premis:linkingObjectRole>
        </premis:linkingObjectIdentifier>
        <premis:linkingObjectIdentifier>
            <premis:linkingObjectIdentifierType>UUID</premis:linkingObjectIdentifierType>
            <premis:linkingObjectIdentifierValue>uuid-5c430d70-21ff-11ed-baeb-7e92631d7d27</premis:linkingObjectIdentifierValue>
            <premis:linkingObjectRole valueURI="http://id.loc.gov/vocabulary/preservation/eventRelatedObjectRole/out">outcome</premis:linkingObjectRole>
        </premis:linkingObjectIdentifier>
        <premis:linkingObjectIdentifier>
            <premis:linkingObjectIdentifierType>UUID</premis:linkingObjectIdentifierType>
            <premis:linkingObjectIdentifierValue>uuid-0b6c68e2-3a7d-11ed-97b8-7e92631d7d28</premis:linkingObjectIdentifierValue>
            <premis:linkingObjectRole valueURI="http://id.loc.gov/vocabulary/preservation/eventRelatedObjectRole/out">outcome</premis:linkingObjectRole>
        </premis:linkingObjectIdentifier>
    </premis:event>

    <premis:agent>
        <premis:agentIdentifier>
            <premis:agentIdentifierType>VIAA SP Agent ID</premis:agentIdentifierType>
            <premis:agentIdentifierValue>OR-x05xc4w</premis:agentIdentifierValue>
        </premis:agentIdentifier>
        <premis:agentName>De Logi &amp; Hoorne - Erfgo3D</premis:agentName>
        <premis:agentType>organization</premis:agentType>
    </premis:agent>

</premis:premis>